cosine_t0,cosine_t_mult,decay_rate,horizontal_flip,lora,lora_dropout,lora_rank,lr,onecycle_div_factor,onecycle_final_div_factor,onecycle_pct_start,patience_epochs,poly_power,random_rotate,sched,step_size,vertical_flip,weight_decay,num_samples,default_resolution,num_channels,num_classes,dataset,cost,epoch_0_iou,epoch_1_iou,epoch_2_iou,epoch_3_iou,epoch_4_iou,epoch_5_iou,epoch_6_iou,epoch_7_iou,epoch_8_iou,epoch_9_iou
3,2,0.1,0,1,0.1,16,0.005,10,20,0.06,1,1.0,1,plateau,3,1,0.0,489,"(288, 384)",3,1,polyp,134.03771495819092,0.07265787544311024,0.0,0.03492841187835438,0.029867002807441166,0.08605074945953675,0.038020306773250925,0.03387697182479314,0.0468611562915612,0.058300390545082334,0.0579094527181951
3,2,0.5,1,0,0.0,4,1.5e-05,50,1000,0.1,0,1.0,0,cosine_warm,5,1,0.0,633,"(464, 449)",3,3,US,144.44587540626526,0.8075139671564102,0.8236807078123093,0.826092466711998,0.8492329210042954,0.8386518567800522,0.847290787100792,0.855168691277504,0.8552282273769378,0.8576990574598312,0.8665511548519135
2,1,0.5,0,1,0.0,8,6e-05,65,320,0.085,2,0.9,1,onecycle,3,0,5e-05,489,"(288, 384)",3,1,polyp,122.28675770759583,0.7915615141391754,0.7920905642211438,0.7906773684546351,0.7998070452362299,0.8055369917303323,0.8001704916357995,0.8049705563113093,0.8119367973878979,0.8122985102236271,0.8117588745430112
2,1,0.1,1,1,0.0,4,2.5e-05,100,320,0.035,0,0.9,1,plateau,5,0,0.0001,470,"(1600, 1200)",3,1,leaf,134.41722178459167,0.5423827394843102,0.5856016702950001,0.6172258161008358,0.6105434097349643,0.6257857669144868,0.6232186393812299,0.6228096151724458,0.622842463105917,0.6228437907993793,0.6228437095880508
2,2,0.8,1,0,0.0,16,0.00048,80,80,0.03,1,0.9,1,poly,5,0,0.0,14164,"(600, 400)",3,12,human_parsing,210.24775195121765,0.8210126250982285,0.8084150731563569,0.8316929668188096,0.8412158578634262,0.8278710782527924,0.8494838654994965,0.8441347509622574,0.8503452390432358,0.8645477414131164,0.8628421276807785
2,2,0.5,1,1,0.1,16,1.2e-05,20,10,0.075,0,0.5,0,onecycle,3,1,0.0,633,"(464, 449)",3,3,US,164.3090226650238,0.7635230869054794,0.818079486489296,0.8406249612569809,0.846268504858017,0.8443915694952011,0.8544703513383866,0.8509890288114548,0.8514670670032501,0.8533204108476639,0.8533992111682892
3,1,0.1,0,1,0.0,4,0.004,65,80,0.08,0,1.0,0,cosine_warm,5,0,5e-05,900,"(767, 1022)",3,1,lesion,144.87202668190002,0.44269977454096077,0.7823522463440895,0.8108445294201374,0.741222120076418,0.798380446434021,0.8000098645687104,0.7674662329256534,0.7963794976472854,0.8154369711875915,0.8209843233227729
3,1,0.1,1,0,0.0,8,0.006,10,80,0.065,0,1.0,0,cosine,5,0,0.0,898,"(900, 1600)",3,0,golf,124.2394552230835,0.0,0.0,3.3439674348301195e-05,3.903716271906888e-05,4.3678872316377236e-06,0.012663588667055591,0.00024356358590011952,0.006964814319508151,0.00424289251677692,0.0015319827642088057
5,2,0.1,1,1,0.0,8,0.001,25,160,0.03,1,0.5,1,onecycle,5,0,0.0001,6464,"(480, 854)",3,9,cholec,169.51542901992798,0.10591046847403049,0.1465229509398341,0.15276328921318055,0.15683113876730204,0.14969517812132835,0.16988649889826773,0.17614447735249997,0.1968071810901165,0.2075302131474018,0.20044176131486893
3,2,0.5,0,1,0.0,8,6.5e-05,40,160,0.08,2,0.9,0,plateau,3,1,5e-05,900,"(767, 1022)",3,1,lesion,140.25525426864624,0.9150327801704407,0.9138504713773727,0.9083856135606766,0.918259596824646,0.9151580452919006,0.9200013160705567,0.9192487746477127,0.9201160490512847,0.9171468108892441,0.9135548084974289
2,2,0.8,1,0,0.0,16,6.5e-05,10,160,0.04,1,0.5,0,plateau,3,0,5e-05,14164,"(600, 400)",3,12,human_parsing,202.13191151618958,0.8710745811462403,0.8572419583797455,0.8651059657335282,0.8702825307846069,0.8706846207380294,0.8689053267240524,0.8699067592620849,0.8707606196403503,0.872245517373085,0.8741232633590699
5,1,0.5,0,1,0.0,4,0.00025,40,40,0.035,1,0.5,0,step,5,1,5e-05,480,"(1080, 1920)",3,3,terrain,190.32139086723328,0.3380475502461195,0.45299423299729824,0.44362344443798063,0.44935114234685897,0.4701017878949642,0.4727156974375248,0.5353672198951245,0.4908368416130543,0.5343459051102399,0.5289990963414312
5,2,0.5,0,0,0.0,8,0.001,10,1000,0.08,0,0.5,0,onecycle,5,0,5e-05,6321,"(374, 280)",1,1,fiber,128.52752876281738,0.21738293170928955,0.24430304020643234,0.2705380514264107,0.27993197217583654,0.2860960468649864,0.286769400537014,0.2967026121914387,0.2915628619492054,0.2985684104263783,0.29866675063967707
5,2,0.8,0,1,0.1,8,3.5e-05,50,640,0.06,1,0.9,1,cosine,3,1,1e-05,633,"(464, 449)",3,3,US,162.50933980941772,0.82061165869236,0.8563001096248627,0.842590743303299,0.8594573020935059,0.8641167044639587,0.8665234982967377,0.8725275874137879,0.8663113683462143,0.8658377587795257,0.8695152968168258
5,2,0.1,0,1,0.0,16,0.004,80,1000,0.095,1,0.5,1,plateau,5,0,5e-05,489,"(288, 384)",3,1,polyp,124.43272948265076,0.0002611490410345141,0.047797305644780866,0.05362089429982007,0.05517509930650703,0.1464935533469543,0.10989008609467418,0.046656827011611314,0.0918972570087135,0.09664827292544942,0.09833536976693721
5,2,0.8,1,1,0.1,16,0.007,100,320,0.055,0,0.9,1,step,3,1,0.0,633,"(464, 449)",3,3,US,160.1872718334198,0.0,0.0,0.0,0.0,0.0,0.0,0.0,0.0,0.0,0.0
3,2,0.8,0,0,0.0,8,0.0004,100,40,0.035,2,0.9,0,cosine,5,0,0.0001,900,"(767, 1022)",3,1,lesion,121.03032565116882,0.8904232412576676,0.8724745661020279,0.9078704416751862,0.9060614585876465,0.8919406861066819,0.9054583966732025,0.8952081143856049,0.9074523508548736,0.9084738194942474,0.9078825414180756
2,2,0.1,0,1,0.1,4,2e-05,50,1000,0.045,1,0.9,1,step,5,0,1e-05,6321,"(374, 280)",1,1,fiber,130.46358108520508,0.14418853521347047,0.19503246769309043,0.21336085423827172,0.21288966611027718,0.2198788993060589,0.22744907215237617,0.22223882228136063,0.22288558706641198,0.2198779620230198,0.21997758224606515
3,2,0.5,0,0,0.1,4,0.00025,10,160,0.03,1,1.0,0,cosine,3,1,0.0001,898,"(900, 1600)",3,0,golf,127.9959032535553,0.4035608146339655,0.45295155309140683,0.4879528909921646,0.444040660187602,0.4872705603018403,0.583830938115716,0.5685477033257484,0.5887032091617584,0.6165872149169445,0.5939386136829853
2,2,0.8,1,1,0.0,16,0.00012,65,320,0.03,1,0.5,1,cosine,3,0,0.0001,6464,"(480, 854)",3,9,cholec,156.62657737731934,0.16319138333201408,0.19947271719574927,0.21461427994072438,0.2097593430429697,0.24634876251220703,0.2515408378094435,0.2530975237488747,0.2541439276188612,0.2521192476153374,0.25916501097381117
5,1,0.1,0,0,0.1,8,0.007,65,320,0.035,0,0.9,1,cosine_warm,3,0,0.0,898,"(900, 1600)",3,0,golf,126.50171279907227,0.0,6.145719726191601e-05,1.2003422853013035e-05,0.006121058775170241,0.00021314287441782654,0.0,0.00030766450236114907,0.001529747263793979,9.447974175600394e-05,9.92258954738645e-05
3,2,0.8,0,0,0.1,16,0.00012,20,10,0.07,0,0.9,0,onecycle,3,0,0.0001,524,"(1232, 1624)",3,1,eyes,151.86647748947144,0.3297083579003811,0.35744051858782766,0.32089866548776624,0.3133710831403732,0.37653138041496276,0.365592584758997,0.3682414345443249,0.37433905713260174,0.3767773240804672,0.37691420689225197
3,2,0.8,0,0,0.0,8,1e-05,25,80,0.04,1,1.0,0,onecycle,3,0,5e-05,489,"(288, 384)",3,1,polyp,104.14739394187927,0.7822941545397043,0.7940277624875307,0.7971751257777214,0.7988110009580851,0.799309216439724,0.7997151030227542,0.800038206204772,0.7999966779723764,0.8000335033982993,0.8000686760991812
2,2,0.1,1,1,0.0,4,0.007,10,80,0.05,1,0.9,0,cosine_warm,5,0,1e-05,480,"(1080, 1920)",3,3,terrain,188.2291579246521,0.0,0.0,0.0,0.0,0.0,0.0,0.0,0.0,0.0,0.0
2,2,0.5,0,0,0.1,8,0.007,50,1000,0.065,2,0.9,1,poly,5,1,5e-05,109,"(1500, 1500)",3,1,building,173.5451855659485,0.0,0.2254481814801693,0.20163435861468315,0.09239387568086385,0.2387872539460659,0.22673610039055347,0.2038109041750431,0.18572356477379798,0.237155169993639,0.22022907324135305
2,2,0.1,0,0,0.1,4,0.007,15,40,0.09,1,1.0,0,onecycle,5,1,0.0001,109,"(1500, 1500)",3,1,building,166.72919964790344,0.07041661874391139,0.1593847269192338,0.17893772069364786,0.18673443645238877,0.23609956540167332,0.23817112296819687,0.2329301569610834,0.22945049926638603,0.24193833097815515,0.2417707983404398
2,2,0.8,0,1,0.1,4,1e-05,50,20,0.1,1,0.5,1,poly,3,1,0.0,6321,"(374, 280)",1,1,fiber,129.59261298179626,0.051535050268284976,0.169558260217309,0.18817593678832054,0.1859284296631813,0.19257879257202148,0.1976565234363079,0.2137805111706257,0.19824119359254838,0.18344975486397744,0.1998048521578312
5,1,0.8,1,1,0.0,4,6e-05,80,20,0.05,1,0.5,1,step,3,1,5e-05,900,"(767, 1022)",3,1,lesion,143.1726632118225,0.9124748677015304,0.9146760076284408,0.9079563051462174,0.9034227222204209,0.9161594331264495,0.9206522881984711,0.9138776987791062,0.9172286301851272,0.9175730556249618,0.9210158109664917
5,2,0.1,1,0,0.0,4,0.00018,80,40,0.1,1,0.9,0,poly,5,1,0.0001,6321,"(374, 280)",1,1,fiber,111.664381980896,0.2150462582707405,0.21691983044147492,0.26452606469392775,0.23247003704309463,0.2722813688218594,0.28034164309501647,0.2818481527268887,0.28554747849702833,0.28760625794529915,0.28953955620527266
3,1,0.8,0,0,0.1,8,0.006,30,20,0.07,0,0.5,0,poly,5,1,0.0001,109,"(1500, 1500)",3,1,building,178.91585969924927,0.059165823902003464,0.14244206640869378,0.18193482588976623,0.16553180739283563,0.2360585231333971,0.2450435057282448,0.23631233908236027,0.24893227964639664,0.19646047204732894,0.2215760827064514
2,2,0.5,0,0,0.1,16,0.00012,30,160,0.06,2,0.5,1,poly,5,1,1e-05,6321,"(374, 280)",1,1,fiber,113.47115349769592,0.22773757353425025,0.2494098015129566,0.23347257301211358,0.26563303396105764,0.27026625648140906,0.26661087945103645,0.2803530365228653,0.2782194666564465,0.28262242302298546,0.2852370895445347
2,1,0.8,0,1,0.0,4,0.00025,65,320,0.095,2,1.0,1,onecycle,5,1,0.0001,6321,"(374, 280)",1,1,fiber,132.40198040008545,0.22976501733064653,0.25905043333768846,0.21985762640833856,0.27306767404079435,0.26939606815576556,0.27955328300595284,0.28878624737262726,0.2899211414158344,0.2904190756380558,0.291909459233284
5,2,0.8,1,1,0.0,16,0.005,80,80,0.06,1,1.0,0,poly,3,1,1e-05,14164,"(600, 400)",3,12,human_parsing,208.8712821006775,4.8844030152395136e-05,0.0010666178117389792,0.00796967687929282,0.002172490849375208,0.008387896995373012,0.004607129256419285,0.007041131272126222,0.008104488355274952,0.010257462593290256,0.008415375550976023
2,1,0.5,1,1,0.1,8,0.0004,50,160,0.045,2,0.5,1,cosine_warm,5,0,1e-05,470,"(1600, 1200)",3,1,leaf,130.59828209877014,0.5378096602857113,0.5838937640190125,0.6136545155197382,0.6434002421796322,0.5677764888852834,0.678056786954403,0.6503390431404114,0.681181637942791,0.5883443996310234,0.6428213715553284
5,2,0.1,0,0,0.0,4,1.5e-05,100,320,0.075,1,0.9,1,onecycle,3,1,0.0,6464,"(480, 854)",3,9,cholec,143.00569987297058,0.15362301468849182,0.18576250746846198,0.2015561256557703,0.19012293238192796,0.19733210355043412,0.19730801712721585,0.19839956536889075,0.20049581807106734,0.19868239760398865,0.19898857735097408
5,1,0.1,1,0,0.0,4,1.2e-05,10,320,0.075,0,1.0,0,cosine,3,1,5e-05,489,"(288, 384)",3,1,polyp,105.18947911262512,0.7851875603199006,0.7972469504922628,0.7990801777690649,0.7997111089527607,0.8030282210558652,0.8045133806765079,0.8059834126383066,0.8069106787443161,0.8063716098666192,0.80657401047647
3,1,0.8,1,0,0.0,4,2e-05,40,1000,0.075,1,1.0,0,poly,5,1,5e-05,470,"(1600, 1200)",3,1,leaf,117.49114298820496,0.5246200228109956,0.5683953233528882,0.5912401607260108,0.60823491550982,0.6065103569999337,0.6130443133413792,0.6167783945798874,0.6216563418507576,0.6213211633265019,0.6229151781648398
3,2,0.8,1,0,0.0,16,0.00048,20,80,0.075,1,1.0,1,poly,5,0,5e-05,480,"(1080, 1920)",3,3,terrain,181.33294320106506,0.2509456604719162,0.39583971351385117,0.4220479130744934,0.2092236447322648,0.4729229502379894,0.505451986566186,0.5122595131397247,0.48659006133675575,0.4921425886452198,0.5013615675270557
3,1,0.8,1,0,0.0,16,5e-05,100,40,0.03,1,1.0,1,onecycle,3,1,0.0,109,"(1500, 1500)",3,1,building,170.3221776485443,0.3254608318209648,0.3482127353549004,0.3624553643167019,0.3620252750813961,0.38260253295302393,0.3826873034238815,0.38481775000691415,0.38727952912449837,0.387144435942173,0.38858152776956556
5,1,0.5,0,0,0.0,4,0.00055,65,320,0.035,2,0.9,1,plateau,3,1,0.0,109,"(1500, 1500)",3,1,building,166.88105297088623,0.30318379066884515,0.31942314729094506,0.38340229392051695,0.37191765531897547,0.39244078323245046,0.40603428035974504,0.40183495730161667,0.42013626396656034,0.4282511346042156,0.42193095535039904
2,2,0.8,1,0,0.0,4,0.0004,50,20,0.07,2,0.9,0,cosine_warm,3,1,5e-05,524,"(1232, 1624)",3,1,eyes,147.27172183990479,0.26755315586924555,0.32965619266033175,0.31664092689752577,0.33657823503017426,0.34863402917981146,0.34370814487338064,0.2577028731815517,0.35076865553855896,0.2862508572638035,0.3148515187203884
3,1,0.5,1,1,0.1,16,6.5e-05,40,20,0.06,2,1.0,0,onecycle,3,0,1e-05,470,"(1600, 1200)",3,1,leaf,129.12634205818176,0.5436277132946998,0.6077922934200615,0.6333723209798336,0.6149128034710885,0.6353811550885439,0.6414988547563553,0.6309941332787276,0.6427627112716436,0.640917394682765,0.6413421612232924
3,2,0.5,0,0,0.0,16,0.0005,25,40,0.045,0,0.9,1,cosine,5,0,0.0001,6321,"(374, 280)",1,1,fiber,114.82677173614502,0.22697907462716102,0.2625960759818554,0.2672251589596272,0.2793159082531929,0.274233777821064,0.2864473856985569,0.28857685774564745,0.2941964417695999,0.29536560401320455,0.29933387264609335
5,2,0.5,0,1,0.0,16,0.001,15,10,0.095,1,0.9,1,plateau,3,1,0.0001,109,"(1500, 1500)",3,1,building,193.50186705589294,0.3143909424543381,0.29658418893814087,0.3371834371238947,0.3955914318561554,0.37458602152764797,0.41633169502019884,0.40920762717723846,0.4178672254085541,0.4303735367953777,0.4193053424358368
5,2,0.1,1,0,0.1,16,0.0015,10,320,0.03,1,1.0,0,step,3,1,0.0,633,"(464, 449)",3,3,US,141.8525047302246,0.5925423681735993,0.7383315652608872,0.8029219150543213,0.8216234743595123,0.821350359916687,0.8304742455482483,0.8305583834648133,0.8339676350355149,0.8384166806936264,0.837622931599617
2,2,0.1,0,1,0.1,16,1.5e-05,30,40,0.1,2,0.9,1,cosine_warm,3,0,0.0,109,"(1500, 1500)",3,1,building,194.81078338623047,0.2210265054833144,0.2514108641538769,0.31770750917494295,0.3253278791904449,0.3517677128314972,0.35193176865577697,0.3527781654149294,0.36477146074175837,0.3520100250840187,0.37317845076322553
5,1,0.8,0,0,0.0,16,0.006,65,160,0.07,2,1.0,0,step,3,0,0.0001,524,"(1232, 1624)",3,1,eyes,141.89895915985107,0.15362828793004155,0.19062812104821206,0.2150664589367807,0.200190706551075,0.21642475333064795,0.18171957833692431,0.21715954067185522,0.19569169878959655,0.23038989678025246,0.1666285779327154
2,1,0.8,0,0,0.0,8,2e-05,80,1000,0.03,0,0.9,1,poly,5,0,0.0001,900,"(767, 1022)",3,1,lesion,129.70608711242676,0.9051686227321625,0.911968344449997,0.9104402989149094,0.9117276787757873,0.9167305648326873,0.9144237279891968,0.9153623461723328,0.9162437945604325,0.9164620757102966,0.9163348108530045
2,1,0.8,0,0,0.0,4,0.00025,10,80,0.06,1,0.5,1,onecycle,5,0,0.0,489,"(288, 384)",3,1,polyp,105.81243586540222,0.7380912646651268,0.7517497725784779,0.7789225168526173,0.7697282511740923,0.7815907638520002,0.7823496542870998,0.7918003529310227,0.8004960853606462,0.8000767376273871,0.8008791152387857
2,2,0.5,1,0,0.0,4,0.002,10,20,0.08,1,0.9,0,cosine_warm,5,0,5e-05,524,"(1232, 1624)",3,1,eyes,148.99037289619446,0.15276786359027028,0.2669188015162945,0.2668278176337481,0.2804456680081785,0.27622731057927014,0.26440592017024755,0.26191491540521383,0.26444120090454815,0.2607486120425165,0.28815667387098076
3,1,0.1,1,0,0.1,4,0.0001,50,20,0.035,2,1.0,1,onecycle,5,1,1e-05,633,"(464, 449)",3,3,US,142.98538613319397,0.8252029538154602,0.854075700044632,0.8717935711145401,0.8651556015014649,0.874387776851654,0.8725508928298951,0.8796019464731216,0.8830455124378205,0.8834804505109787,0.8828795790672302
2,2,0.1,0,0,0.0,4,0.00025,50,640,0.075,1,0.5,1,step,3,0,1e-05,14164,"(600, 400)",3,12,human_parsing,194.39076566696167,0.825740185379982,0.8405464053153991,0.8489041835069656,0.8588149636983872,0.8580756038427353,0.8551693856716156,0.8584716081619262,0.8588323652744293,0.8587203741073608,0.8587844043970108
5,1,0.5,0,1,0.1,4,2e-05,20,1000,0.065,2,0.5,1,poly,5,0,0.0001,6464,"(480, 854)",3,9,cholec,169.19999194145203,0.17297267057001592,0.2091935256496072,0.20425047613680364,0.2230510674417019,0.21502076629549266,0.21091152988374234,0.21441070921719074,0.21616074517369271,0.22371037863194942,0.21659825854003428
2,2,0.1,1,1,0.0,4,0.0015,50,1000,0.075,1,1.0,0,plateau,3,1,0.0001,633,"(464, 449)",3,3,US,159.39816856384277,0.6677210494875908,0.728662545979023,0.7573719978332519,0.7601690381765366,0.7596061795949935,0.8120575726032258,0.8035091876983642,0.8184418737888336,0.828988465666771,0.8012043118476868
3,1,0.5,1,1,0.1,8,0.0004,30,1000,0.075,0,1.0,0,cosine_warm,5,0,0.0001,470,"(1600, 1200)",3,1,leaf,130.59051895141602,0.6147266030311584,0.592766561359167,0.6640786617994309,0.6367738381028175,0.6207772582769394,0.6658183217048645,0.5781521812081337,0.6871350586414338,0.6602065563201904,0.6589745253324508
3,1,0.1,0,0,0.0,8,0.00018,30,320,0.035,2,1.0,1,step,3,0,1e-05,109,"(1500, 1500)",3,1,building,181.49277806282043,0.33271929807960987,0.32069028317928316,0.3565246492624283,0.3999483771622181,0.40187654420733454,0.405122034996748,0.4010759212076664,0.4044982738792896,0.402876391261816,0.40283561423420905
3,1,0.1,0,1,0.1,4,0.0005,25,1000,0.035,2,0.9,0,onecycle,5,0,0.0001,109,"(1500, 1500)",3,1,building,191.46299719810486,0.2837256729602814,0.37779782637953757,0.3959093101322651,0.39999023973941805,0.4211623929440975,0.43358622714877126,0.4250968486070633,0.42426484972238543,0.4353442549705505,0.4348054572939873
2,2,0.1,1,1,0.1,16,1.2e-05,100,40,0.035,0,0.9,0,poly,3,1,0.0001,470,"(1600, 1200)",3,1,leaf,128.76716589927673,0.45243119793012737,0.5370337381958962,0.5542747920379043,0.5640498045831919,0.5762535011395812,0.5804219879209995,0.5894715700298547,0.5940763704478741,0.5944843340665102,0.5946921203285456
5,1,0.8,1,0,0.0,8,0.00048,10,20,0.045,2,1.0,1,onecycle,5,1,0.0001,633,"(464, 449)",3,3,US,154.90249156951904,0.8283273696899414,0.8373967558145523,0.8387648344039917,0.8624988287687302,0.8592144608497619,0.8668918043375016,0.887725704908371,0.8891082882881165,0.8969993352890014,0.895949175953865
5,2,0.1,0,1,0.0,4,0.0004,15,10,0.095,1,0.5,1,onecycle,5,0,5e-05,6321,"(374, 280)",1,1,fiber,132.46815133094788,0.22133936062455178,0.19041359536349772,0.27310294806957247,0.27553955242037775,0.27065046951174737,0.28146699965000155,0.2919593818485737,0.29364964067935945,0.29639036804437635,0.29632314667105675
2,1,0.8,0,1,0.1,8,5e-05,100,40,0.045,0,0.5,1,cosine_warm,5,0,5e-05,489,"(288, 384)",3,1,polyp,128.6063220500946,0.7978103380650282,0.7994498351588846,0.7866169452667237,0.7968728626146913,0.7970495346933604,0.8092486172914505,0.8197917681187391,0.8103246159851551,0.8058164103887975,0.8082262318581342
3,2,0.5,1,1,0.1,16,0.005,40,40,0.04,0,0.5,1,onecycle,5,1,5e-05,898,"(900, 1600)",3,0,golf,145.59843707084656,0.0,0.0024967923847725613,0.0,0.021179213781579165,2.0120314820815112e-05,0.08070482173934579,0.06568454834632576,0.07308525200933218,0.06751926010474563,0.06645542732439935
5,2,0.8,0,0,0.1,4,2.5e-05,80,80,0.045,2,1.0,1,onecycle,5,1,0.0,109,"(1500, 1500)",3,1,building,173.28317523002625,0.27631008587777617,0.33901173062622547,0.335777185857296,0.3530717894434929,0.36901242285966873,0.36905292682349683,0.3736483223736286,0.3727143108844757,0.3734618596732616,0.374002081155777
3,2,0.8,1,0,0.1,8,6.5e-05,10,40,0.06,2,0.5,0,step,3,0,0.0,6464,"(480, 854)",3,9,cholec,142.01222848892212,0.13762402348220348,0.2422504011541605,0.21624864712357522,0.23010814376175404,0.23057516999542713,0.20996081084012985,0.2205665897578001,0.23472554944455623,0.23650555610656737,0.22430048733949662
5,1,0.5,1,0,0.1,8,0.004,10,80,0.03,0,0.9,1,cosine_warm,3,0,1e-05,633,"(464, 449)",3,3,US,143.56405591964722,0.0,0.0,0.0,0.0,0.0,0.0,0.0,0.0,0.0,0.0
3,1,0.5,1,0,0.0,4,0.002,50,1000,0.075,1,1.0,0,step,5,1,0.0001,489,"(288, 384)",3,1,polyp,106.00719714164734,0.2402050386182964,0.2606281888554804,0.3469874605536461,0.30922069754451514,0.36527612097561357,0.32669792138040066,0.43966990555636587,0.437236263602972,0.49198241755366323,0.4936309836804867
5,1,0.1,1,1,0.0,8,0.0001,40,320,0.1,0,0.9,1,cosine,3,0,5e-05,470,"(1600, 1200)",3,1,leaf,136.66297101974487,0.6112336396239698,0.6250836014747619,0.6348988294601441,0.6300867028534413,0.6692147493362427,0.6651762500405312,0.6405588790774346,0.644264005869627,0.6460697568953038,0.6392267785966397
3,2,0.8,1,1,0.0,8,0.0005,30,80,0.065,2,1.0,1,poly,5,0,1e-05,6464,"(480, 854)",3,9,cholec,163.63123631477356,0.1335155414417386,0.12517686001956463,0.20246854089200497,0.1640744149684906,0.19833214543759822,0.22848786562681198,0.21398898921906948,0.2295565314590931,0.24001473560929298,0.24898830093443394
5,2,0.8,0,0,0.0,16,0.00055,25,1000,0.06,2,0.9,0,cosine_warm,5,0,1e-05,633,"(464, 449)",3,3,US,140.83833932876587,0.8322034925222397,0.8438309609889985,0.8650173068046569,0.8909181475639343,0.8969275325536727,0.8595951467752456,0.8669738858938217,0.8740850061178207,0.8705215662717819,0.8951865255832672
5,1,0.1,0,1,0.1,8,5e-05,50,20,0.055,0,0.9,1,cosine,5,1,0.0001,470,"(1600, 1200)",3,1,leaf,131.22141098976135,0.5505655167624355,0.5979774981737137,0.6153648197650909,0.6468701347708702,0.6448781795799732,0.6524497225880623,0.6408915311098099,0.651235182583332,0.6690263986587525,0.6735888913273811
5,1,0.5,0,1,0.1,8,0.00012,80,20,0.035,0,1.0,0,cosine,5,1,5e-05,14164,"(600, 400)",3,12,human_parsing,220.53320741653442,0.848755395412445,0.8534999966621399,0.8621160954236984,0.8659047067165375,0.8605446636676788,0.8637257426977157,0.8672985076904297,0.8654914051294327,0.8680289775133133,0.868767386674881
5,2,0.1,0,1,0.1,4,0.001,15,40,0.08,1,0.5,1,poly,5,0,0.0,14164,"(600, 400)",3,12,human_parsing,215.08438801765442,0.6263248786330223,0.7716413080692291,0.7438382178544998,0.7729771643877029,0.7646887004375458,0.8045980945229531,0.78288154900074,0.8274289578199386,0.8132346153259278,0.8390569716691971
3,2,0.5,1,1,0.0,8,0.003,20,320,0.05,1,0.5,0,poly,5,1,1e-05,898,"(900, 1600)",3,0,golf,149.73583436012268,0.0,0.0,1.1067278524024005e-05,6.671093979093712e-06,5.599512587650679e-06,1.1807999908342025e-05,0.0002584084725640423,2.3814149699319387e-05,0.0013887138855352532,0.00025623168048696245
5,1,0.8,1,1,0.0,8,0.00012,30,40,0.035,2,0.5,1,plateau,5,0,0.0001,109,"(1500, 1500)",3,1,building,195.82171177864075,0.35379780158400537,0.33596770018339156,0.37717389687895775,0.4009335540235043,0.3789432518184185,0.4044582970440388,0.41503834202885626,0.4048382416367531,0.41380750089883805,0.4194317229092121
5,2,0.5,0,1,0.1,16,0.003,10,160,0.08,2,0.5,1,cosine_warm,5,1,1e-05,524,"(1232, 1624)",3,1,eyes,171.18825459480286,0.21607233434915543,0.23580778557807208,0.2540564451366663,0.26047802399843933,0.27406985508278014,0.24374705441296102,0.25690957698971034,0.27140077445656063,0.26350952899083496,0.2645677160471678
5,1,0.5,0,1,0.0,8,0.004,10,320,0.065,1,0.5,0,poly,3,0,0.0001,470,"(1600, 1200)",3,1,leaf,130.0763590335846,0.19194848007864493,0.2865192502271384,0.23408471755683422,0.22474218793213369,0.2961826130747795,0.2421938318759203,0.29652857217006384,0.2776763326488435,0.35052458485588434,0.36265305234119294
5,1,0.1,1,1,0.1,4,0.007,50,320,0.085,2,0.5,0,cosine,3,1,0.0,6321,"(374, 280)",1,1,fiber,127.73209381103516,0.0,0.0,0.057409179490059616,0.03492510081268847,0.053363584261387584,0.06351063316687941,0.05490043507888913,0.06024510599672794,0.0517303703352809,0.06388118099421262
3,2,0.8,1,0,0.1,4,2e-05,100,320,0.075,0,1.0,1,poly,5,0,0.0001,109,"(1500, 1500)",3,1,building,165.71088814735413,0.27695056796073914,0.3334577947854996,0.3347002502530813,0.3378708928823471,0.3483860339969397,0.3468920525163412,0.3651829678565264,0.36371379867196085,0.36669769510626793,0.3685170590877533
5,2,0.1,1,0,0.0,16,0.00018,25,40,0.09,0,0.5,0,plateau,5,1,0.0,109,"(1500, 1500)",3,1,building,163.09589886665344,0.32697441019117834,0.3638997808098793,0.31171521209180353,0.37735393568873404,0.3824504815042019,0.3724129244685173,0.38450420275330544,0.3871254824101925,0.38383894264698026,0.38451777771115303
5,1,0.1,1,0,0.1,4,0.0001,20,1000,0.09,0,1.0,1,cosine_warm,3,0,1e-05,900,"(767, 1022)",3,1,lesion,122.26680755615234,0.881965047121048,0.9120378822088242,0.9193110823631286,0.9213501036167144,0.9167232632637023,0.9129825979471207,0.914573472738266,0.9176019608974457,0.9226208746433258,0.9237642675638199
5,2,0.1,1,1,0.0,8,1.2e-05,40,160,0.04,0,0.9,1,poly,3,1,0.0,633,"(464, 449)",3,3,US,164.64934849739075,0.7651899039745331,0.8151601165533066,0.8319552779197693,0.8352686852216721,0.83164883852005,0.8377308934926987,0.8414740085601806,0.844206714630127,0.840564626455307,0.8439422607421875
5,2,0.8,1,0,0.1,8,0.00012,20,640,0.055,0,0.9,1,cosine,5,1,5e-05,109,"(1500, 1500)",3,1,building,166.1435730457306,0.3251120086759329,0.3657777726650238,0.37561341002583504,0.3715101346373558,0.3943700663745403,0.3946985624730587,0.3848918542265892,0.40671144127845765,0.3981855407357216,0.4079745031893253
5,2,0.5,0,1,0.1,4,0.00032,40,80,0.1,0,0.9,1,plateau,3,1,5e-05,14164,"(600, 400)",3,12,human_parsing,209.78146171569824,0.8323333084583282,0.8396502584218979,0.8342684388160706,0.8630825817584992,0.8627512395381928,0.8561899334192276,0.8656807899475097,0.8693180501461029,0.861986169219017,0.8685713231563568
5,1,0.8,1,0,0.1,16,0.003,40,20,0.075,2,1.0,1,step,5,0,0.0,14164,"(600, 400)",3,12,human_parsing,198.00589895248413,0.21096763163805007,0.48006638064980506,0.5120649486780167,0.4621233768761158,0.5980177327990532,0.6118500471115113,0.6528864189982414,0.6728574216365815,0.6597323015332222,0.656505411863327
2,2,0.5,1,1,0.0,16,0.006,15,80,0.09,1,0.9,0,onecycle,3,0,0.0001,14164,"(600, 400)",3,12,human_parsing,211.07351684570312,0.04687578935408965,0.0,0.02722319002641598,0.00820797853230033,0.0049191403926670315,0.08138883728533983,0.11347077107056976,0.2443481855094433,0.2707148715853691,0.2851585030555725
5,2,0.8,0,1,0.0,16,0.0001,10,10,0.03,2,0.9,0,cosine,3,0,0.0001,109,"(1500, 1500)",3,1,building,188.5846095085144,0.21195667888969183,0.36751896515488625,0.2932943768799305,0.39159292727708817,0.3946302443742752,0.4063648283481598,0.4183258816599846,0.40886209458112716,0.41826034858822825,0.4171308808028698
3,1,0.1,0,1,0.0,4,2e-05,50,80,0.085,0,1.0,1,poly,3,1,0.0,109,"(1500, 1500)",3,1,building,189.32206463813782,0.2894981920719147,0.3364813387393951,0.3518780626356602,0.3595316864550114,0.3563502408564091,0.3630750648677349,0.366013141721487,0.3741063229739666,0.3713291630148888,0.3756918326020241
2,2,0.5,0,0,0.1,8,1.2e-05,100,20,0.07,2,0.5,0,onecycle,5,0,1e-05,489,"(288, 384)",3,1,polyp,103.60245680809021,0.7857400126755237,0.797113236784935,0.8010644096881151,0.8004969257861376,0.8024936379864812,0.8017542708665133,0.8028596092015505,0.8019721681252122,0.802250731177628,0.8024391248822212
3,1,0.8,0,1,0.0,16,6e-05,30,640,0.04,0,1.0,1,plateau,5,0,5e-05,109,"(1500, 1500)",3,1,building,186.1986060142517,0.33152260482311247,0.36435635946691036,0.3757839765399694,0.36726840808987615,0.37267336547374724,0.40276897996664046,0.40173777714371683,0.4084631934762001,0.41184301748871804,0.4061580017209053
3,1,0.8,1,0,0.0,8,2.5e-05,30,320,0.07,0,0.5,1,cosine_warm,5,1,0.0,633,"(464, 449)",3,3,US,146.1283676624298,0.7931789726018905,0.841205382347107,0.8395001947879791,0.8390787571668625,0.8486563295125962,0.8410402834415436,0.8476078629493713,0.8497570425271987,0.8565361142158509,0.85063396692276
5,2,0.8,1,1,0.0,16,1.2e-05,25,640,0.08,1,1.0,0,plateau,5,1,5e-05,6464,"(480, 854)",3,9,cholec,158.1478888988495,0.1798686608672142,0.17983937170356512,0.19349780529737473,0.2096878571435809,0.2020365593954921,0.2112842733040452,0.20443520322442055,0.20681377910077572,0.20989229269325732,0.20223629400134085
5,1,0.8,1,0,0.1,16,0.00025,65,10,0.1,2,0.9,1,poly,5,1,0.0,633,"(464, 449)",3,3,US,141.66909790039062,0.8157735705375672,0.8222997426986695,0.8337258756160736,0.8685903906822204,0.873503664135933,0.8753269284963607,0.8864242017269135,0.8829971015453338,0.882614940404892,0.888784459233284
3,1,0.8,1,1,0.1,8,0.0005,30,40,0.05,0,0.5,0,onecycle,3,1,0.0,6464,"(480, 854)",3,9,cholec,158.37390756607056,0.11317880567512476,0.1358788123354316,0.14780401028692722,0.147068802267313,0.20748893748968839,0.19646986722946166,0.22170947305858135,0.22691939249634743,0.22961979657411574,0.23495922833681107
5,2,0.1,0,0,0.0,8,0.0008,30,320,0.085,0,0.5,0,step,5,1,1e-05,470,"(1600, 1200)",3,1,leaf,105.03275728225708,0.4343258044682443,0.28754585348069667,0.37305491138249636,0.45110848769545553,0.4406772152869962,0.5577302824705839,0.5815623920410872,0.5993088837713003,0.6051925588399172,0.6148828849196434
3,2,0.8,0,0,0.1,16,6e-05,40,640,0.1,2,0.5,0,cosine,5,0,5e-05,524,"(1232, 1624)",3,1,eyes,141.6048228740692,0.32409798055887223,0.31140933409333227,0.35369193479418753,0.36481906548142434,0.3784038953483105,0.376400376111269,0.37687419801950456,0.3757414385676384,0.3652804709970951,0.37379727736115453
5,1,0.1,0,0,0.0,8,0.002,40,40,0.08,1,1.0,0,cosine,5,0,1e-05,633,"(464, 449)",3,3,US,141.8281819820404,0.7135019361972809,0.7302515640854835,0.7724419802427291,0.7797382324934006,0.7709718078374863,0.8167540729045868,0.8225192636251449,0.8286268025636673,0.8343723982572555,0.8326888233423233
5,2,0.5,1,0,0.0,8,0.00012,10,20,0.075,1,0.5,1,cosine,3,1,1e-05,480,"(1080, 1920)",3,3,terrain,171.3619613647461,0.4643628098070621,0.5183509543538094,0.45121242478489876,0.4847912833094597,0.4290632288902998,0.5368259370326995,0.5243460148572922,0.5255565572530031,0.5261682480573654,0.5451692670583725
5,1,0.8,1,1,0.1,16,0.00048,30,80,0.09,1,0.5,1,onecycle,5,0,1e-05,109,"(1500, 1500)",3,1,building,187.37680315971375,0.349005489051342,0.34168129563331606,0.36298638209700584,0.40828743353486063,0.4128805950284004,0.408812153339386,0.428755122423172,0.4265768460929394,0.42694147154688833,0.42250517979264257
2,2,0.8,0,0,0.1,16,0.006,80,1000,0.055,0,1.0,0,poly,5,0,0.0001,14164,"(600, 400)",3,12,human_parsing,194.84051656723022,3.2013931559049526e-07,0.0037591798210996783,0.011640760638692882,0.0064858541226385565,0.008680479569966338,0.006224183899416857,0.01409061899757944,0.01107598386661266,0.011095035172183998,0.008537873528621277
5,1,0.1,1,0,0.1,16,0.0008,30,40,0.04,0,0.5,0,cosine_warm,5,1,0.0001,14164,"(600, 400)",3,12,human_parsing,204.21472787857056,0.7404906541109085,0.7508696347475052,0.8118173211812973,0.8286474078893662,0.8513223826885223,0.7636687725782394,0.8007650941610336,0.8155192524194718,0.8446848928928375,0.8345830321311951
2,1,0.5,0,1,0.0,4,0.0004,50,40,0.07,1,1.0,1,cosine_warm,5,0,5e-05,900,"(767, 1022)",3,1,lesion,139.75108075141907,0.9002005606889725,0.9104422330856323,0.8890153735876083,0.9086928278207779,0.8680427640676498,0.9096049726009369,0.9034914433956146,0.9089269995689392,0.9044306367635727,0.9079498589038849
5,1,0.5,0,0,0.1,4,1.2e-05,100,40,0.03,1,0.5,0,onecycle,3,0,0.0001,898,"(900, 1600)",3,0,golf,128.23119449615479,0.4194002885837108,0.4931135017424822,0.5247560322284699,0.547801710292697,0.5564862783998251,0.5710578504949808,0.574420241266489,0.5728750776499509,0.5756948478519917,0.5755073811858893
3,1,0.5,0,1,0.1,4,0.0001,20,640,0.03,1,1.0,0,cosine_warm,5,0,1e-05,480,"(1080, 1920)",3,3,terrain,193.58836936950684,0.48793203495442866,0.5069105012342334,0.5430091165006161,0.4907588757574558,0.5172834172844887,0.5411196768283844,0.5222500659525394,0.5353943534195423,0.5644977070391178,0.5602293714880944
3,2,0.1,1,1,0.0,8,0.00012,65,80,0.045,1,1.0,1,cosine,3,0,0.0,109,"(1500, 1500)",3,1,building,189.17319560050964,0.3473569482564926,0.370339884608984,0.3877135798335075,0.38309021592140197,0.3999247156083584,0.41113210693001745,0.40741982832551005,0.40996143519878386,0.41295620054006577,0.4133412681519985
3,1,0.8,1,1,0.1,8,0.001,20,640,0.055,2,0.9,1,cosine_warm,3,0,5e-05,109,"(1500, 1500)",3,1,building,187.20926213264465,0.09508582158014178,0.35808630362153054,0.37494706735014915,0.37458388432860373,0.3800638161599636,0.3844234324991703,0.37467931807041166,0.4114365942776203,0.4132797710597515,0.41350912377238275
5,2,0.8,1,1,0.0,4,0.00018,40,80,0.055,0,0.9,0,plateau,5,1,0.0,6464,"(480, 854)",3,9,cholec,156.7690944671631,0.15464942194521428,0.18368037715554236,0.1998273141682148,0.20921271219849585,0.20659327283501625,0.2235084269195795,0.23650325536727906,0.24873427711427212,0.2552307665348053,0.20196221694350242
5,2,0.8,0,0,0.1,4,0.0004,15,10,0.1,2,1.0,0,step,5,0,0.0,900,"(767, 1022)",3,1,lesion,121.38655948638916,0.9020809412002564,0.8813519477844238,0.9012386798858643,0.8999204635620117,0.8988216996192933,0.906473770737648,0.8956636726856232,0.903863912820816,0.8996622204780579,0.906907832622528
5,2,0.5,0,1,0.0,8,2e-05,15,80,0.03,1,0.5,0,plateau,3,1,0.0001,633,"(464, 449)",3,3,US,155.91663932800293,0.8216820955276489,0.8333797514438629,0.8651847928762436,0.8567407399415969,0.8537808030843734,0.8651018798351288,0.8624484956264495,0.8617065846920013,0.8622538596391678,0.8646764695644379
2,2,0.1,0,1,0.0,8,0.0001,40,40,0.07,2,0.9,0,cosine,3,0,5e-05,6321,"(374, 280)",1,1,fiber,126.73623085021973,0.22755083814263344,0.2546420581638813,0.24235279113054276,0.24945823103189468,0.2526968076825142,0.2764399580657482,0.2719407841563225,0.27397757545113566,0.27584644854068757,0.27121109068393706
2,1,0.8,0,0,0.0,8,0.002,50,20,0.08,2,1.0,0,cosine_warm,3,0,0.0001,633,"(464, 449)",3,3,US,140.42954230308533,0.7628625333309174,0.8006018757820129,0.7599953934550285,0.8245050072669983,0.8101421535015106,0.8328422367572784,0.8167340338230134,0.8372804373502731,0.8165545165538788,0.8393246978521347
5,2,0.8,1,0,0.1,4,0.00032,30,80,0.055,0,1.0,0,onecycle,5,0,0.0,898,"(900, 1600)",3,0,golf,123.68742752075195,0.3942445520311594,0.47913667690008876,0.49843117855489255,0.5257083661854267,0.5564837601035834,0.6083681680262089,0.6038308784365654,0.6239055175334215,0.6254095882177353,0.6254412356764079
3,1,0.1,1,1,0.1,16,0.0004,65,640,0.03,0,1.0,0,cosine_warm,3,0,1e-05,470,"(1600, 1200)",3,1,leaf,124.54133009910583,0.5352231658995151,0.6122751131653785,0.6202675998210907,0.6027604945003986,0.6613344132900238,0.6697485536336899,0.5720176644623279,0.6141611086204648,0.6340300530195236,0.6286133147776127
5,2,0.1,0,0,0.0,8,1.5e-05,30,160,0.075,0,1.0,1,plateau,3,1,0.0001,898,"(900, 1600)",3,0,golf,124.78901314735413,0.4606747037731111,0.526791862398386,0.5770450763404369,0.5910209164023399,0.5994610898196697,0.6206280268728733,0.6183265917003155,0.6175843100994826,0.6178671564906836,0.617881166189909
5,2,0.8,0,0,0.0,4,0.006,10,1000,0.045,0,0.9,1,poly,3,0,1e-05,14164,"(600, 400)",3,12,human_parsing,197.4691686630249,0.010619307168235536,0.0035539120406610893,0.013726063590002013,0.005894268447809737,0.005367527807948136,0.0014871757824948873,0.004235819921905204,0.010737635700206739,0.008491532814878156,0.007941589022630069
2,2,0.5,1,0,0.0,8,0.001,65,320,0.09,2,1.0,0,cosine,3,1,5e-05,480,"(1080, 1920)",3,3,terrain,168.6563024520874,0.3504208356142044,0.12883177193580195,0.3517491742968559,0.3705999590456486,0.3410496760159731,0.36636088602244854,0.3240294113755226,0.4210299223661423,0.437444706633687,0.4549832038581371
5,2,0.5,0,0,0.1,8,0.0005,25,20,0.085,1,0.9,0,poly,5,0,0.0,489,"(288, 384)",3,1,polyp,101.44234704971313,0.6310462517663836,0.7006188854575157,0.7076951120514423,0.7118265964090824,0.7398823618888855,0.7661070168018341,0.7591188445687294,0.7677070543169975,0.7729027662426233,0.7725482959300279
3,1,0.8,1,0,0.0,16,0.0001,15,40,0.035,0,0.9,1,onecycle,3,0,0.0,633,"(464, 449)",3,3,US,140.3309769630432,0.8359150648117065,0.8707536071538925,0.8733558684587479,0.8809493958950043,0.8807971864938736,0.8885042428970337,0.8982098460197449,0.8984349995851517,0.8992162853479385,0.8982885330915451
5,1,0.8,1,0,0.0,16,2.5e-05,40,10,0.065,0,0.9,0,onecycle,3,0,0.0,900,"(767, 1022)",3,1,lesion,121.14872241020203,0.9034063309431076,0.9076471328735352,0.9140770673751831,0.9158299624919891,0.9191829830408096,0.9182753562927246,0.9195151269435883,0.9197023272514343,0.9198220849037171,0.919913324713707
2,2,0.1,1,1,0.0,4,0.00025,50,10,0.085,0,0.9,1,poly,5,1,0.0001,14164,"(600, 400)",3,12,human_parsing,210.0676941871643,0.8460767060518265,0.8377824038267135,0.8524851828813553,0.8566650420427322,0.8462965160608291,0.8697952687740326,0.845697996020317,0.8660717844963074,0.868710857629776,0.8741556912660599
3,1,0.1,1,1,0.0,8,0.0001,20,40,0.03,0,0.5,0,step,5,0,1e-05,524,"(1232, 1624)",3,1,eyes,156.70337581634521,0.31265290528535844,0.3331618756055832,0.358745364844799,0.32175118923187257,0.3468380063772202,0.3752798318862915,0.379474151879549,0.3733518525958061,0.36870587393641474,0.37096783593297006
5,1,0.5,1,1,0.1,4,0.0001,30,640,0.035,0,1.0,1,step,3,0,5e-05,470,"(1600, 1200)",3,1,leaf,126.23834133148193,0.5290262482827529,0.6083405364304781,0.5691975295543671,0.6173132132738829,0.6582341745495797,0.6520287930965424,0.6654022723436356,0.6371817246079445,0.647612190619111,0.6312938863411546
3,2,0.5,1,0,0.0,4,0.00025,65,80,0.075,1,0.9,1,onecycle,5,0,0.0001,489,"(288, 384)",3,1,polyp,102.84111738204956,0.7752737373113632,0.7349776420742273,0.724397687241435,0.7705904807895422,0.7832170788198709,0.7894800081849098,0.7908005269244314,0.7946711041033268,0.7960953619331121,0.796236977726221
2,2,0.1,1,1,0.0,4,6.5e-05,25,20,0.065,2,0.9,1,step,5,0,1e-05,6321,"(374, 280)",1,1,fiber,129.14592576026917,0.20540085583925247,0.22282759249210357,0.2533258818089962,0.2605666510760784,0.2649581104516983,0.27143731862306597,0.272354231774807,0.27471435591578486,0.2746971182525158,0.26928874775767325
5,2,0.5,0,0,0.1,8,0.004,10,20,0.08,1,0.5,0,step,5,1,5e-05,900,"(767, 1022)",3,1,lesion,121.06460809707642,0.7078298650681972,0.8223460510373115,0.7973721936345101,0.6667216151952744,0.8260119333863258,0.8485881850123406,0.8417475953698158,0.8498580843210221,0.8489251360297203,0.857566973567009
2,1,0.8,1,1,0.1,4,0.0005,15,40,0.065,0,0.5,0,cosine,3,0,1e-05,470,"(1600, 1200)",3,1,leaf,126.27308773994446,0.5332510199397802,0.5638622652739287,0.5348764282418415,0.568531621992588,0.6230434015393257,0.6263662539422512,0.6205196604132652,0.6344567395746707,0.6482487328350544,0.6452886968851089
5,1,0.5,1,0,0.1,16,0.003,20,80,0.085,2,1.0,1,plateau,5,1,0.0,14164,"(600, 400)",3,12,human_parsing,196.87390327453613,0.17612194195389747,0.3028266832232475,0.3487277012318373,0.3824190482497215,0.4077413573861122,0.4708218738436699,0.5146279543638229,0.47093355655670166,0.5385933801531791,0.570216779410839
3,1,0.5,1,1,0.1,4,0.002,30,40,0.065,0,0.9,1,onecycle,5,1,0.0,14164,"(600, 400)",3,12,human_parsing,211.32616186141968,0.3619076251983643,0.5118565663695336,0.593028961494565,0.6976401373744011,0.6519757762551308,0.7198837950825692,0.7791669219732285,0.8110141962766647,0.8076715648174286,0.8126001447439194
3,2,0.1,1,0,0.1,16,0.001,50,10,0.035,1,1.0,1,cosine,3,1,0.0001,6321,"(374, 280)",1,1,fiber,106.65095615386963,0.17854817509651183,0.2402869939804077,0.26004266664385794,0.2610235646367073,0.26961774602532385,0.2752726532518864,0.2855586312711239,0.28443215414881706,0.28935141786932944,0.2919714353978634
2,2,0.8,0,0,0.0,4,0.00012,10,10,0.04,0,0.9,1,cosine_warm,5,1,5e-05,524,"(1232, 1624)",3,1,eyes,141.9120569229126,0.30268452763557435,0.3263582833111286,0.3366294212639332,0.3425903290510178,0.368016067892313,0.36962053179740906,0.3510411150753498,0.3260828867554665,0.3603120669722557,0.368272140622139
2,1,0.1,0,0,0.1,16,1e-05,25,640,0.055,2,0.5,1,plateau,3,0,0.0,109,"(1500, 1500)",3,1,building,164.94646430015564,0.1732111285064093,0.29166132491081953,0.3127312261611223,0.32564664259552956,0.34369047582149503,0.35388525277376176,0.3643156312406063,0.36007998436689376,0.3695449158549309,0.3776739344000816
5,1,0.8,0,1,0.1,16,3.5e-05,10,640,0.05,1,0.9,0,cosine_warm,3,1,1e-05,6321,"(374, 280)",1,1,fiber,127.91908192634583,0.1703012354671955,0.21937276050448418,0.2040008969604969,0.2211127646267414,0.2293956384062767,0.20523125305771828,0.2527374714612961,0.25014752671122553,0.2606168895959854,0.2450658716261387
3,2,0.5,1,1,0.1,8,0.0001,80,160,0.09,1,0.5,1,onecycle,3,1,1e-05,898,"(900, 1600)",3,0,golf,140.84485292434692,0.3590693552047014,0.5411823067814112,0.5808333482593298,0.6141628846526146,0.6133251368999482,0.6211450509727001,0.6274297133088111,0.6305074013769627,0.6353229645639658,0.6357449751347304
3,1,0.1,0,0,0.0,4,1.2e-05,80,640,0.03,1,1.0,1,cosine,5,0,1e-05,6464,"(480, 854)",3,9,cholec,145.21303534507751,0.1839566608890891,0.1696262901648879,0.19372290149331092,0.2113439582288265,0.20647017788141966,0.20998428519815207,0.20850489269942046,0.209905150718987,0.20765065643936395,0.21075807344168423
3,2,0.5,0,1,0.0,8,5e-05,80,80,0.035,1,1.0,0,poly,3,0,1e-05,900,"(767, 1022)",3,1,lesion,137.73849630355835,0.9077611416578293,0.9108532875776291,0.9146356105804443,0.91745345890522,0.9205874115228653,0.9218871027231217,0.9175413876771927,0.9197291195392608,0.9199699133634567,0.9204286456108093
5,1,0.5,0,1,0.0,16,1.2e-05,20,80,0.095,2,0.5,0,step,3,0,0.0001,489,"(288, 384)",3,1,polyp,116.45730447769165,0.7869130216538907,0.7965635452419519,0.7967093162238598,0.7990854911506176,0.8012222908437252,0.8029500413686037,0.8024582421407104,0.8034647995606065,0.8019379379227758,0.8032149996608495
3,1,0.1,1,0,0.0,4,0.002,10,320,0.065,1,0.5,0,onecycle,5,1,5e-05,470,"(1600, 1200)",3,1,leaf,104.97126030921936,0.3651581773534417,0.3817519792355597,0.38106913175433876,0.2224209560867166,0.44208229407668115,0.4869691086933017,0.5133433185517788,0.5112807991914451,0.5180898632854223,0.524774220213294
5,1,0.5,0,0,0.0,8,0.001,80,640,0.04,0,0.5,0,cosine_warm,3,0,0.0,633,"(464, 449)",3,3,US,140.30386877059937,0.797128626704216,0.8179942905902863,0.8555057317018508,0.8656944960355759,0.8750960856676102,0.8241726845502854,0.8333074152469635,0.8630114495754242,0.8755963414907455,0.883151975274086
5,1,0.8,0,1,0.1,16,0.0004,25,80,0.06,1,0.5,0,poly,5,1,0.0,633,"(464, 449)",3,3,US,155.26754474639893,0.7830510020256043,0.8460023820400238,0.8787278324365616,0.8693094402551651,0.8707965642213822,0.8814969182014465,0.871386244893074,0.8807289361953735,0.8808436572551728,0.8925328820943832
5,1,0.1,0,0,0.1,16,0.00018,80,640,0.07,1,1.0,0,poly,3,0,5e-05,900,"(767, 1022)",3,1,lesion,120.73497295379639,0.9028530478477478,0.9171204686164856,0.9143608540296555,0.9093256115913391,0.9179150044918061,0.9161584556102753,0.9153281092643738,0.9138795822858811,0.9188184320926667,0.9195816725492477
2,1,0.8,0,0,0.0,4,0.003,25,320,0.03,0,1.0,0,step,5,0,0.0,6464,"(480, 854)",3,9,cholec,139.4868290424347,0.0,0.0,0.0,0.007305277794512221,0.0,0.0,0.0,0.0,0.0,0.0
2,1,0.1,0,1,0.0,8,1e-05,30,80,0.095,1,0.9,1,onecycle,5,0,0.0001,633,"(464, 449)",3,3,US,160.89570355415344,0.7691899597644806,0.8218998551368714,0.8272411316633225,0.8492503225803375,0.8502348184585571,0.8563918203115464,0.8611568301916123,0.8589219123125076,0.858052209019661,0.8578418493270874
5,1,0.8,0,1,0.0,4,2e-05,30,320,0.1,1,0.5,0,plateau,5,1,0.0001,6321,"(374, 280)",1,1,fiber,127.2269377708435,0.16241298280656338,0.19787169843912125,0.20370707362890245,0.20456860214471817,0.20999997332692147,0.22198003455996512,0.24528079330921174,0.21957185193896295,0.24527870118618011,0.22121250331401826
5,2,0.5,1,1,0.0,8,0.004,15,160,0.075,1,0.9,1,cosine_warm,5,0,0.0001,480,"(1080, 1920)",3,3,terrain,185.9923586845398,0.0,0.0,0.0,0.0,0.0,0.0,0.0,0.0,0.0,0.0
3,1,0.1,0,1,0.1,8,0.00055,65,640,0.035,0,1.0,0,poly,3,1,0.0001,109,"(1500, 1500)",3,1,building,187.59050512313843,0.34020077511668206,0.3715104013681412,0.31438861042261124,0.3884859688580036,0.4049004830420017,0.41737815365195274,0.4270842283964157,0.4172385916113853,0.42230626866221427,0.4277484729886055
2,2,0.5,1,0,0.0,4,5e-05,40,160,0.085,2,0.5,1,cosine_warm,3,1,0.0001,109,"(1500, 1500)",3,1,building,166.08688044548035,0.2808743938803673,0.3334932021796703,0.3569517023861408,0.367387717217207,0.37167957834899423,0.3745152421295643,0.36482187286019324,0.37226172387599943,0.36778107956051825,0.39445570632815363
5,2,0.1,1,0,0.1,8,0.002,10,20,0.045,0,0.9,1,cosine,3,0,0.0001,900,"(767, 1022)",3,1,lesion,122.61269998550415,0.8128153800964355,0.7471080429852008,0.8512541890144348,0.8469854861497879,0.8507207155227661,0.8739419311285019,0.8708403706550598,0.8742213666439056,0.8833919316530228,0.8801278620958328
3,1,0.1,0,1,0.1,4,0.0015,20,640,0.065,0,0.5,1,cosine,5,1,1e-05,470,"(1600, 1200)",3,1,leaf,127.34820508956909,0.4275392317213118,0.3827429559081793,0.42972889449447393,0.44474140089787395,0.516583203151822,0.5054728474467993,0.5311630740761757,0.5241194928064943,0.5394661519676447,0.5300896096043288
2,1,0.5,0,1,0.1,16,0.00012,15,160,0.1,1,0.5,0,poly,3,1,0.0,470,"(1600, 1200)",3,1,leaf,125.48258185386658,0.5764665924012661,0.5705960412044078,0.6471825115382671,0.6679647788405418,0.6163523674011231,0.6657504662871361,0.6652274057269096,0.6408897042274475,0.6658001907169819,0.6625504799187183
2,2,0.8,0,0,0.1,4,6.5e-05,65,80,0.08,0,0.5,0,plateau,3,0,1e-05,6464,"(480, 854)",3,9,cholec,138.15689849853516,0.2167597459629178,0.2452479310333729,0.22795354723930358,0.24000934027135373,0.22302136570215225,0.24523166939616203,0.24710544496774672,0.23940901570022105,0.2466138679534197,0.24294129386544228
3,2,0.8,1,1,0.1,4,0.001,40,10,0.095,0,0.9,0,plateau,3,1,1e-05,524,"(1232, 1624)",3,1,eyes,157.2618260383606,0.16947186132892966,0.1752154730260372,0.26498466841876506,0.2477569941431284,0.16428042575716972,0.2996356520801783,0.28727310076355933,0.29896612334996464,0.2893994603306055,0.3034341488033533
3,2,0.5,1,0,0.1,8,0.0005,40,1000,0.09,1,0.9,1,poly,3,0,0.0001,633,"(464, 449)",3,3,US,141.36685585975647,0.811909481883049,0.8551184087991714,0.8612077623605728,0.8637008041143417,0.8791137486696243,0.8791920483112335,0.8879985004663468,0.9024496883153915,0.9031445503234863,0.9031728804111481
5,2,0.8,1,0,0.0,16,1e-05,100,80,0.08,1,0.9,1,cosine_warm,5,1,0.0,6464,"(480, 854)",3,9,cholec,142.49758577346802,0.16525353882461785,0.17388812080025673,0.1782769810408354,0.18477648664265872,0.1864025253802538,0.1916186034679413,0.18179867267608643,0.19819484632462264,0.20381946638226509,0.2048207649961114
2,2,0.5,0,1,0.0,4,0.004,65,10,0.05,2,0.5,0,cosine,3,0,5e-05,524,"(1232, 1624)",3,1,eyes,156.49754095077515,0.1750736266374588,0.19479014314711093,0.1531821062322706,0.21753734881058334,0.19493131656199694,0.18182169599458575,0.23311742395162582,0.2205258535221219,0.2733901601284742,0.27548029478639363
3,2,0.5,0,0,0.0,8,0.005,80,10,0.03,0,0.9,1,onecycle,3,1,5e-05,524,"(1232, 1624)",3,1,eyes,140.96516180038452,0.11848912935238332,0.20970567595213652,0.2182032737880945,0.25727181397378446,0.2605239449068904,0.25181893100962044,0.24466565726324915,0.28378016501665115,0.28024595184251666,0.28302878271788356
3,2,0.1,0,0,0.0,16,0.004,10,160,0.09,1,0.5,0,onecycle,5,0,0.0001,633,"(464, 449)",3,3,US,137.11571431159973,0.5835377886891365,0.0,0.0,0.09405752758029848,0.5106186226010323,0.0,0.14734201235696673,0.6077171877026558,0.5475077278912067,0.586282166838646
3,1,0.5,1,1,0.1,16,0.004,25,40,0.065,1,1.0,0,cosine,5,0,0.0,470,"(1600, 1200)",3,1,leaf,125.52761912345886,0.26265806555747984,0.21647794423624872,0.26836810116656123,0.37656307481229306,0.36740490244701507,0.4293982656672597,0.3492511032149196,0.43834241945296526,0.4527166705578566,0.432488901540637
5,2,0.1,1,0,0.1,4,1.5e-05,30,10,0.03,1,1.0,0,cosine,5,1,5e-05,6321,"(374, 280)",1,1,fiber,106.33567214012146,0.14162719622254372,0.18289116621017457,0.2151940420269966,0.20104921758174896,0.20130459293723107,0.1981779344379902,0.21244719251990318,0.19327568486332894,0.19941062480211258,0.20184288769960404
5,2,0.5,0,1,0.0,16,0.003,100,320,0.08,1,0.9,0,cosine_warm,3,0,5e-05,489,"(288, 384)",3,1,polyp,119.73975801467896,0.20050004799850285,0.22628683429211377,0.33687197633553295,0.36742346445098517,0.39552967697381974,0.16930487309582531,0.2933311303379014,0.2811683584237471,0.32014434979246287,0.332289663515985
5,1,0.5,0,1,0.0,8,0.002,65,1000,0.055,2,0.5,0,poly,5,1,5e-05,480,"(1080, 1920)",3,3,terrain,184.9744143486023,0.0,0.0,0.30974419936537745,0.29856292381882665,0.0,0.0,0.29953345507383344,0.266183827072382,0.07599053555168211,0.19208186883479356
5,2,0.5,0,1,0.0,16,3.5e-05,25,320,0.04,1,0.5,0,cosine_warm,5,1,0.0,14164,"(600, 400)",3,12,human_parsing,208.62776446342468,0.8645412415266037,0.8706013441085816,0.8722967207431793,0.8723153978586197,0.8718114346265793,0.8702515840530396,0.8754847019910812,0.876017302274704,0.8739245176315308,0.8735564559698105
5,2,0.5,0,1,0.0,8,0.004,15,40,0.07,0,0.9,0,poly,5,0,0.0,633,"(464, 449)",3,3,US,156.62217140197754,0.054149652388878165,0.0,0.0,0.0,0.0,0.0,0.0,0.0,0.0,0.0
5,2,0.5,0,1,0.1,8,0.00025,25,20,0.095,2,1.0,1,plateau,3,0,0.0,470,"(1600, 1200)",3,1,leaf,127.29574489593506,0.5675188192166388,0.606279668584466,0.6036795258522034,0.6120865467935801,0.47510436923475935,0.6478483509272337,0.6186992943286895,0.6307241280097514,0.640227884054184,0.6766679726541043
5,1,0.8,1,1,0.0,16,0.003,65,640,0.09,0,0.9,1,plateau,3,0,0.0,633,"(464, 449)",3,3,US,156.8094699382782,0.5595303282141686,0.5877723753452301,0.6499753668904305,0.6903861090540886,0.6767929032444954,0.6732701525092125,0.73056381046772,0.7404139488935471,0.7664156258106232,0.7719196975231171
3,2,0.5,1,0,0.0,4,1.2e-05,30,10,0.045,2,0.9,1,onecycle,3,1,1e-05,900,"(767, 1022)",3,1,lesion,122.9986400604248,0.8973474085330964,0.9042951315641403,0.9060171574354172,0.9086153626441955,0.9087509989738465,0.9141157358884812,0.9138942033052444,0.9151656031608582,0.9150898575782775,0.9148528903722764
5,1,0.8,1,1,0.0,8,0.00018,25,640,0.1,1,0.5,1,step,5,0,1e-05,480,"(1080, 1920)",3,3,terrain,185.43716526031494,0.4021196410059929,0.3849312737584114,0.4751989834010601,0.3627002626657486,0.42297895178198813,0.46037662997841833,0.4669200718402863,0.5252146176993847,0.5114115331321955,0.5302818492054939
3,1,0.5,0,0,0.1,16,0.005,40,40,0.1,0,1.0,0,cosine,3,1,0.0,524,"(1232, 1624)",3,1,eyes,139.08364915847778,0.02656543617413263,0.16935936845839022,0.18914171112701297,0.20694808401167392,0.21157601103186607,0.16232341723516583,0.21120536159723996,0.1809055163525045,0.1922573558986187,0.1972769676707685
2,1,0.8,0,0,0.0,4,3.5e-05,10,40,0.03,2,0.9,0,step,5,0,0.0,633,"(464, 449)",3,3,US,139.26436638832092,0.8603365927934646,0.8668291628360748,0.8829111307859421,0.8760084927082061,0.8889171689748764,0.8864388465881348,0.8886134564876557,0.8951950252056122,0.896714699268341,0.8971793532371521
5,1,0.5,0,1,0.0,8,5e-05,50,160,0.065,2,0.9,0,poly,5,0,0.0,898,"(900, 1600)",3,0,golf,139.22683262825012,0.5709281589835882,0.6184269990772009,0.6169070936739445,0.6186765477061271,0.5918195642530918,0.6210829183459282,0.6245582349598408,0.6252223700284958,0.6286878563463688,0.6256031773984432
3,2,0.8,0,0,0.0,4,0.007,30,10,0.08,2,0.5,1,cosine_warm,3,1,0.0,109,"(1500, 1500)",3,1,building,165.09382724761963,0.1630423154681921,0.1507185660302639,0.2419096887111664,0.23946457877755165,0.16873793583363295,0.22053209654986858,0.23762912191450597,0.23547553941607474,0.23381157517433165,0.24373919442296027
2,2,0.5,0,0,0.0,8,0.0008,100,40,0.035,2,0.5,1,cosine_warm,3,0,0.0,14164,"(600, 400)",3,12,human_parsing,187.87359499931335,0.786560732126236,0.8129504054784775,0.7984920769929886,0.8142926126718522,0.8199315398931504,0.8394787460565567,0.785838520526886,0.8058827698230744,0.7885755568742752,0.8252607852220535
5,1,0.8,1,0,0.0,16,0.0015,25,10,0.04,1,0.5,1,plateau,3,0,0.0001,109,"(1500, 1500)",3,1,building,164.59877276420593,0.27191737219691275,0.18372495025396346,0.3196179933845997,0.3299403227865696,0.36368447840213775,0.3658460579812527,0.38863724991679194,0.3792844034731388,0.4100010864436626,0.41051934882998464
2,1,0.5,0,1,0.0,16,0.00018,20,320,0.03,0,1.0,0,poly,5,1,0.0,900,"(767, 1022)",3,1,lesion,137.99616956710815,0.894043242931366,0.912140753865242,0.9063519388437271,0.9185033887624741,0.9220213860273361,0.9217862218618393,0.9211096227169037,0.9230346560478211,0.9212516486644745,0.9243735343217849
5,1,0.1,1,0,0.1,4,0.0001,65,20,0.1,1,0.5,1,cosine,3,1,5e-05,633,"(464, 449)",3,3,US,140.13199877738953,0.8453709870576859,0.8579726547002793,0.8720656007528305,0.8744025081396103,0.8703437834978104,0.8802327930927276,0.879375422000885,0.886417743563652,0.8852003574371338,0.8863816797733307
3,2,0.1,1,0,0.0,8,6e-05,100,320,0.085,1,1.0,1,poly,3,1,0.0001,633,"(464, 449)",3,3,US,141.90332174301147,0.8266790330410003,0.8503750264644623,0.8498880624771118,0.8689878284931183,0.8701997011899948,0.8765096992254258,0.8796079099178314,0.8719363003969193,0.87460877597332,0.8766997426748275
3,1,0.5,1,0,0.1,4,0.002,100,640,0.08,0,1.0,1,step,3,0,0.0001,898,"(900, 1600)",3,0,golf,123.55087208747864,0.0,2.8399695565894943e-06,0.1157229864038527,0.1577100321650505,0.12803956181742251,0.14895384991541505,0.13648351496085526,0.10463172644376754,0.14550209539011122,0.13345158733427526
3,1,0.8,1,0,0.1,4,1.2e-05,80,40,0.07,0,0.9,1,cosine_warm,5,0,0.0,480,"(1080, 1920)",3,3,terrain,169.74788618087769,0.42750546187162397,0.45149408280849457,0.46043589785695077,0.4855541341006756,0.4974252447485924,0.4990761637687683,0.5089163899421691,0.5173944875597953,0.526667020469904,0.5269618920981884
2,2,0.5,0,1,0.0,4,2e-05,30,160,0.09,2,0.5,1,plateau,3,0,0.0001,6464,"(480, 854)",3,9,cholec,158.43272471427917,0.19385286774486304,0.22949482388794423,0.22042348701506853,0.2203377105295658,0.2290409252047539,0.22179157417267562,0.23034138958901168,0.22915934398770332,0.22856645993888378,0.22827937938272952
2,2,0.1,1,1,0.0,16,0.0005,30,1000,0.05,1,0.5,0,step,5,1,0.0001,489,"(288, 384)",3,1,polyp,117.90305542945862,0.6685072980821133,0.6892046466469764,0.634480637870729,0.7068627644330263,0.5470998074859381,0.7129626326262951,0.7131060715764761,0.7414425602182746,0.7528046370483935,0.753948526782915
5,1,0.5,1,1,0.0,4,0.005,65,20,0.09,2,0.5,0,poly,3,0,0.0,898,"(900, 1600)",3,0,golf,138.964608669281,0.0,0.0,1.23583422464435e-06,9.991084684770612e-05,0.0,0.0001661521817368339,6.179094725666801e-07,0.00035167767662187545,0.00027021934947697447,0.00074631425577536
2,2,0.1,1,1,0.1,4,0.0008,50,20,0.095,1,0.9,1,poly,5,0,0.0,480,"(1080, 1920)",3,3,terrain,185.22568893432617,0.23190867565572262,0.18055101858917624,0.3024724967777729,0.29481129348278046,0.3889367274940014,0.43393822833895684,0.24862445732578636,0.3707190237939358,0.42950456887483596,0.4146848849952221
5,2,0.1,0,1,0.0,4,0.005,20,160,0.05,1,0.5,1,cosine,3,1,0.0001,898,"(900, 1600)",3,0,golf,140.09883213043213,0.0,0.0,0.000228414069624705,0.0003417892770357867,1.5702114069426898e-05,0.00544099557591835,0.0003060439593582487,0.00014208625489118277,3.3824644469859776e-05,0.00018649112671482727
3,1,0.1,0,0,0.0,8,5e-05,30,320,0.065,2,1.0,1,poly,5,1,0.0001,524,"(1232, 1624)",3,1,eyes,141.48467540740967,0.2529626987874508,0.332767716050148,0.32852415144443514,0.34729468300938604,0.3391525521874428,0.3347900971770287,0.366799158602953,0.3534469209611416,0.3643631495535374,0.35598852634429934
3,1,0.5,0,0,0.1,8,0.00048,100,160,0.08,2,1.0,1,cosine,5,1,1e-05,480,"(1080, 1920)",3,3,terrain,170.53329753875732,0.3227748669683933,0.42878793030977247,0.29067185446619986,0.4034659396857023,0.4284238778054714,0.43530346900224687,0.41745566092431546,0.5156098738312721,0.5244478322565556,0.5370118655264378
3,2,0.5,0,1,0.1,4,0.007,80,20,0.065,2,0.5,0,step,3,0,0.0,14164,"(600, 400)",3,12,human_parsing,208.40613341331482,1.536969157314161e-05,0.011892090410765378,0.0010196009934588801,0.0023549752277176594,0.013349100989535146,0.012493893207556539,0.0028229746846591295,0.011016753931471612,0.009647664634394459,0.012536685636587209
2,2,0.1,1,0,0.0,8,0.00048,20,10,0.06,1,0.9,1,cosine_warm,5,1,0.0,6321,"(374, 280)",1,1,fiber,107.17751550674438,0.25048550963401794,0.25744928121566774,0.26307032257318497,0.27393668368458746,0.27890844345092775,0.2832149833440781,0.2648081392049789,0.26764228045940397,0.2670988403260708,0.2909043550491333
2,1,0.1,0,1,0.1,4,0.002,80,1000,0.05,0,0.5,0,step,5,0,0.0,633,"(464, 449)",3,3,US,154.99978613853455,0.6351670861244202,0.7044355973601342,0.7420814216136933,0.7927057415246963,0.7918116688728333,0.8261634171009063,0.8212233066558838,0.827661445736885,0.8285830229520798,0.8371060580015183
2,2,0.5,1,1,0.1,8,0.005,25,20,0.04,0,0.9,0,cosine,5,0,0.0001,14164,"(600, 400)",3,12,human_parsing,207.06813311576843,5.244569663318543e-05,0.000355822063420419,0.004056785981492794,0.015693327184271764,0.006062295678839291,0.012949503554659713,0.009088848935425631,0.0022510715342832555,0.00654049130544081,0.006992891325353412
3,2,0.8,1,0,0.1,4,0.00018,50,160,0.07,0,0.5,0,step,3,0,0.0001,898,"(900, 1600)",3,0,golf,122.89078283309937,0.5554823920130729,0.5395353745669127,0.5624364297837019,0.5988277822732926,0.6010245736688375,0.6297634325921535,0.6235174909234047,0.6311813525855541,0.6599382791668177,0.6495916996151209
2,1,0.8,0,1,0.1,4,5e-05,25,20,0.1,0,0.9,0,poly,5,0,1e-05,898,"(900, 1600)",3,0,golf,139.07203364372253,0.551002966426313,0.5966430995613337,0.5925005070865155,0.6034201256930828,0.616066626086831,0.5908160757273435,0.6094836182892323,0.6126656707376241,0.6167626149952412,0.6183589801192284
5,2,0.1,1,0,0.0,16,0.002,50,80,0.05,1,0.9,1,cosine,5,0,0.0001,898,"(900, 1600)",3,0,golf,124.15970039367676,0.13211256992071868,0.0010015966472565196,0.05368460421450436,0.06976466218475252,0.16120805013924838,0.11966620478779078,0.12054819455370307,0.12639380400069058,0.1900213085114956,0.15633900370448828
2,2,0.8,0,0,0.1,16,3.5e-05,40,20,0.04,2,0.9,1,cosine,3,0,1e-05,6464,"(480, 854)",3,9,cholec,141.79010701179504,0.16176318917423488,0.20011052787303923,0.2129099490121007,0.22647990398108958,0.21430663652718068,0.21646866723895072,0.23749944381415844,0.2405879892408848,0.23527105301618575,0.24514536149799823
5,1,0.5,0,0,0.0,4,1e-05,20,640,0.055,2,0.9,0,cosine,3,0,5e-05,470,"(1600, 1200)",3,1,leaf,105.028404712677,0.4870027950964868,0.5504355195909738,0.5700232501141727,0.5813988178037107,0.5852963214740157,0.583902982622385,0.584971050452441,0.5858389570377767,0.5854882403276861,0.5869298246689141
3,2,0.5,1,0,0.1,4,0.003,15,640,0.075,2,0.5,0,cosine_warm,3,1,0.0001,470,"(1600, 1200)",3,1,leaf,106.61074805259705,0.4335758097469807,0.3495592925697565,0.4722706981934607,0.34674788573756815,0.4666159553453326,0.46028400398790836,0.47186937406659124,0.46951408851891757,0.4963042969815433,0.26862383873958606
5,2,0.8,0,0,0.1,4,0.00012,20,20,0.07,2,1.0,0,cosine,3,1,5e-05,6321,"(374, 280)",1,1,fiber,106.43872666358948,0.16375595554709435,0.2609055146574974,0.267571035772562,0.2590611010789871,0.2735310547053814,0.27775500938296316,0.2782687976956367,0.2829356580972672,0.2852758511900902,0.28585814237594603
2,1,0.8,0,1,0.1,16,0.005,65,640,0.065,2,0.5,1,plateau,5,1,0.0,6321,"(374, 280)",1,1,fiber,129.31963777542114,0.0,0.0002789494021271821,0.0517311317846179,0.06011330001056194,0.04863997790962458,0.047357508447021246,0.06191787924617529,0.04297781786881387,0.010746139328693971,0.01893654081504792
5,2,0.8,0,1,0.0,8,1.5e-05,50,40,0.07,0,0.5,0,onecycle,3,1,0.0,633,"(464, 449)",3,3,US,152.9876401424408,0.7468858003616333,0.8266198992729187,0.8350911378860474,0.8395590990781784,0.8367797672748566,0.8443449467420578,0.8514747530221939,0.8511689603328705,0.8505907535552979,0.8511290073394775
3,2,0.1,0,0,0.0,16,0.006,25,10,0.055,2,1.0,0,step,5,0,0.0001,898,"(900, 1600)",3,0,golf,122.45544838905334,0.0,0.0,3.727089106178028e-05,0.0,7.429122160829138e-06,0.0003011177044754731,0.0003974795306021406,4.03603104132344e-05,0.00011708075480783009,5.843860744789708e-05
3,2,0.5,1,1,0.0,16,0.006,40,320,0.05,1,0.9,1,step,3,1,0.0,489,"(288, 384)",3,1,polyp,121.21579837799072,0.0,0.0006190285337652312,0.04083051670131681,0.03720071757852565,0.032703967136330905,0.04254461209347937,0.0473380266193999,0.07539776496123522,0.08304409139091148,0.10678283152119547
5,2,0.1,1,0,0.0,4,0.003,65,40,0.095,2,0.9,0,step,3,0,1e-05,900,"(767, 1022)",3,1,lesion,121.27093458175659,0.07631115891199443,0.7688267983496189,0.8007583431899548,0.7496623352169991,0.8027567937970161,0.8127579420804978,0.847967141866684,0.8380591243505477,0.8501424238085746,0.8485849291086197
3,1,0.5,0,1,0.1,16,0.00018,65,80,0.095,2,0.5,0,poly,5,0,5e-05,633,"(464, 449)",3,3,US,154.99176168441772,0.8636102974414825,0.8792884886264801,0.8760344564914704,0.8842616349458694,0.8999822735786438,0.8957219630479812,0.9055817663669586,0.9055230796337128,0.9047107875347138,0.9056100994348526
5,1,0.8,1,0,0.0,16,5e-05,30,20,0.035,2,0.5,1,plateau,5,0,0.0,6321,"(374, 280)",1,1,fiber,110.22652983665466,0.19042310267686843,0.2363278314471245,0.17958987653255462,0.2472279191017151,0.2591564290225506,0.2638532489538193,0.2691954806447029,0.2656598165631294,0.26419449895620345,0.2641008622944355
2,2,0.1,0,1,0.1,4,0.00012,15,160,0.03,1,1.0,0,poly,5,0,5e-05,900,"(767, 1022)",3,1,lesion,138.2669267654419,0.9068025320768356,0.9156064987182617,0.9070873469114303,0.9218199640512467,0.9173777848482132,0.9212869137525559,0.9230035573244095,0.9227047443389893,0.9239498853683472,0.9245112717151642
2,2,0.8,0,1,0.1,16,1.5e-05,100,10,0.095,0,1.0,1,cosine,3,0,0.0,898,"(900, 1600)",3,0,golf,140.01216769218445,0.4490457160398364,0.5385776843875647,0.5619929764419794,0.5785343337804079,0.5908549703657627,0.5979151926934719,0.5976319916546344,0.6006507433950901,0.6004639528691769,0.601302071288228
3,2,0.5,0,1,0.1,8,0.00012,30,20,0.095,1,0.5,0,plateau,3,0,0.0,470,"(1600, 1200)",3,1,leaf,126.21004247665405,0.5896440360695123,0.6079115301370621,0.6385949373245239,0.6450307996943593,0.6191616255789996,0.6416461698710918,0.6348404283635318,0.6352823013439775,0.631407424248755,0.6441139165312052
5,1,0.5,0,0,0.1,8,0.0004,15,40,0.095,0,0.9,1,plateau,5,1,1e-05,6321,"(374, 280)",1,1,fiber,108.96291399002075,0.23325395062565804,0.2551724314689636,0.2597614638507366,0.2817781440913677,0.26110762879252436,0.2836910106241703,0.2894861899316311,0.2933181129395962,0.2910378582775593,0.2974003218114376
2,1,0.5,0,1,0.1,4,2e-05,30,80,0.08,1,0.9,1,cosine,5,1,5e-05,109,"(1500, 1500)",3,1,building,185.21606945991516,0.2969967871904373,0.33289608396589754,0.3495464727282524,0.35722646713256834,0.3595674932003021,0.36728767305612564,0.37415222749114035,0.375541465729475,0.3755819879472256,0.3775414973497391
5,2,0.1,0,0,0.1,16,0.00055,30,1000,0.085,1,1.0,0,onecycle,5,0,5e-05,470,"(1600, 1200)",3,1,leaf,107.88667631149292,0.5819677472114563,0.534866304602474,0.2869033845665399,0.56712456792593,0.5984936311841011,0.5930614951997996,0.6151917457580567,0.6607515275478363,0.6562147960066795,0.6572088703513146
5,1,0.5,0,0,0.0,4,0.00012,10,10,0.095,2,0.5,0,poly,5,1,1e-05,6321,"(374, 280)",1,1,fiber,111.61367297172546,0.20596262887120248,0.2566566623747349,0.25487229898571967,0.2568043865263462,0.2766485050320625,0.27650742009282114,0.2814884290099144,0.28514949008822443,0.2886174388229847,0.2892234444618225
2,2,0.8,1,0,0.1,4,0.005,65,1000,0.03,2,1.0,1,cosine,5,0,1e-05,489,"(288, 384)",3,1,polyp,100.70149779319763,0.1307885538553819,0.0900102027808316,0.013069014166831039,0.018231240485329182,0.07541840007179416,0.10159202283830382,0.05744753694161773,0.05419577638967894,0.08011998074362055,0.07183424450922757
5,2,0.1,0,1,0.1,8,2.5e-05,20,1000,0.03,1,0.9,0,cosine_warm,5,1,0.0001,14164,"(600, 400)",3,12,human_parsing,206.43424081802368,0.8613291382789612,0.8658974736928939,0.8681879192590714,0.8679006427526474,0.8686805367469788,0.8702306985855103,0.8682945668697357,0.8710627645254135,0.8692886352539062,0.8737529814243317
3,2,0.5,1,1,0.0,16,0.005,30,1000,0.095,1,0.5,0,poly,5,0,0.0,6464,"(480, 854)",3,9,cholec,156.56526565551758,0.0,0.0,0.0,0.0,0.0,0.0,0.0,0.0,0.0,0.0
2,2,0.1,1,0,0.0,8,2.5e-05,40,1000,0.085,1,1.0,0,plateau,3,1,5e-05,6321,"(374, 280)",1,1,fiber,109.31218361854553,0.16268523186445236,0.22013372480869292,0.2062011517584324,0.24140054285526275,0.21856007725000381,0.21382157504558563,0.25052286088466647,0.24159015640616416,0.2411620907485485,0.24190464168787001
5,1,0.1,0,1,0.1,4,0.0005,65,40,0.09,0,0.5,1,cosine,3,1,0.0,470,"(1600, 1200)",3,1,leaf,129.2396640777588,0.5379780922085047,0.5186989950016141,0.541785342246294,0.5706574514508247,0.5924566950649023,0.5906250415369868,0.6608513563871383,0.6637156769633293,0.6888645917177201,0.708186486363411
5,2,0.5,1,1,0.0,16,3.5e-05,30,10,0.1,1,1.0,0,onecycle,3,0,0.0,14164,"(600, 400)",3,12,human_parsing,208.42982459068298,0.8548848897218704,0.8658294647932052,0.8655826926231385,0.8707982301712036,0.8741092950105667,0.8684303611516953,0.8684868782758712,0.8694333344697952,0.8699657887220382,0.8699175894260407
3,1,0.5,1,0,0.0,8,0.00025,10,1000,0.075,0,0.5,0,cosine,3,1,0.0001,900,"(767, 1022)",3,1,lesion,122.42311954498291,0.8962781101465225,0.8819284766912461,0.9053448557853698,0.9097901970148087,0.9090507447719574,0.9047921121120452,0.9136871486902237,0.9150723189115524,0.9179090619087219,0.9160504370927811
3,1,0.5,0,0,0.1,4,0.00048,100,1000,0.075,1,0.9,0,step,5,1,0.0001,470,"(1600, 1200)",3,1,leaf,110.38235235214233,0.293408243599697,0.37347903922200204,0.5606728877872229,0.4798858880996704,0.48939642757177354,0.6389529183506966,0.6411735877394676,0.6571484550833702,0.6534029945731163,0.6730093568563461
3,2,0.5,0,0,0.0,4,0.00018,100,1000,0.085,1,1.0,1,cosine,5,1,0.0,6321,"(374, 280)",1,1,fiber,114.47981715202332,0.22915408462285997,0.2581865772604942,0.2675750873982906,0.26960252597928047,0.2757329374551773,0.27660013511776926,0.28244024962186814,0.2852190800011158,0.2875396691262722,0.2892764419317245
2,1,0.1,0,0,0.1,16,0.00012,65,160,0.045,1,1.0,1,plateau,5,1,5e-05,898,"(900, 1600)",3,0,golf,124.24567222595215,0.37002856433391573,0.5590356588363647,0.6053606797009706,0.5667859129607677,0.5821001693606377,0.605264675617218,0.619659785926342,0.6220560282468796,0.6337587296962738,0.6141577705740928
3,2,0.1,1,0,0.0,16,0.00032,30,1000,0.07,2,0.5,0,step,5,0,0.0001,470,"(1600, 1200)",3,1,leaf,107.63661599159241,0.5061977121280506,0.602461151778698,0.6021871201694011,0.5982555024325847,0.5643101416528225,0.5941414628177881,0.6502844303846359,0.6627600088715553,0.6758149862289429,0.6750395864248275
3,1,0.8,0,0,0.0,16,0.0008,20,10,0.055,1,0.5,1,cosine_warm,5,1,0.0,898,"(900, 1600)",3,0,golf,129.96131658554077,0.22221426777541636,0.3600810829550028,0.4087216481566429,0.3266180481761694,0.2726215297356248,0.3912775255739689,0.10970458202064037,0.41181388702243565,0.41710567511618135,0.33938065767288206
5,2,0.5,1,0,0.1,8,0.00032,15,160,0.095,0,1.0,0,poly,3,0,5e-05,470,"(1600, 1200)",3,1,leaf,109.59709930419922,0.5851069120690227,0.5529096751473844,0.5112572714686394,0.6337845267727971,0.5910796763375401,0.6580519810318947,0.6130381451919675,0.6458035595715046,0.6607451692223549,0.6538828149437904
5,1,0.1,1,0,0.0,4,0.00048,15,10,0.055,2,0.9,0,cosine_warm,5,0,0.0001,898,"(900, 1600)",3,0,golf,122.8369996547699,0.40771258920431136,0.3967840574681759,0.3841469272971153,0.5283148676156998,0.5459198508411646,0.3653680428862572,0.4916360590606928,0.5228007800877095,0.5170574262738228,0.5070171156898141
5,1,0.1,1,1,0.0,16,6.5e-05,10,20,0.07,0,0.9,1,cosine,3,1,5e-05,470,"(1600, 1200)",3,1,leaf,127.5350980758667,0.5382549626752734,0.6321256831288338,0.6769830003380776,0.6426558293402195,0.642971377633512,0.6631165459752083,0.6688488401472569,0.6786751195788383,0.6689237408339977,0.6838547579944134
3,2,0.1,0,0,0.0,16,0.002,10,320,0.1,1,1.0,1,onecycle,5,0,0.0,109,"(1500, 1500)",3,1,building,165.68105483055115,0.2570615462958813,0.3212135396897793,0.33354778252542017,0.40618748888373374,0.32148421481251716,0.42512612268328664,0.4323354154825211,0.4321791537106037,0.43946396857500075,0.4385005168616772
3,1,0.8,1,1,0.1,16,1.5e-05,30,640,0.03,0,0.9,1,step,3,1,1e-05,470,"(1600, 1200)",3,1,leaf,125.64833569526672,0.5207019198685885,0.5527733750641346,0.5782762514427304,0.5816039837896824,0.6034904599189759,0.6183812320232391,0.6199243791401386,0.6386659480631351,0.6294886633753777,0.6175944529473781
3,1,0.8,1,1,0.1,16,6.5e-05,20,320,0.055,0,0.9,0,onecycle,5,1,5e-05,470,"(1600, 1200)",3,1,leaf,126.07468724250793,0.5696953915059566,0.6278027843683958,0.6121879518032074,0.6584494560956955,0.6664352685213089,0.6637819617986679,0.6738635033369065,0.6715903908014298,0.6696279942989349,0.6688751131296158
2,2,0.1,1,0,0.0,4,1.5e-05,40,160,0.05,1,0.5,1,plateau,3,1,0.0,524,"(1232, 1624)",3,1,eyes,141.67216300964355,0.2554573304019868,0.3011980948969722,0.31747651286423206,0.3396307099610567,0.3258840963244438,0.33209820166230203,0.3327250871807337,0.33591449111700056,0.33550353683531287,0.3358836490660906
2,1,0.1,0,1,0.0,8,0.004,20,160,0.07,0,0.5,1,onecycle,3,0,0.0,480,"(1080, 1920)",3,3,terrain,185.55045866966248,0.0,0.0,0.0,0.0,0.0,0.0,0.0,0.0,0.0,0.0
5,2,0.1,1,1,0.0,8,0.0005,30,20,0.04,1,1.0,0,cosine,5,1,1e-05,900,"(767, 1022)",3,1,lesion,137.46185302734375,0.8653580844402313,0.8674109280109406,0.8919962465763092,0.8960875362157822,0.895486804842949,0.8949086248874665,0.9015340507030487,0.9018638134002686,0.9058403432369232,0.9019794970750808
5,2,0.1,1,0,0.1,8,0.0005,50,160,0.07,1,1.0,0,step,3,1,0.0001,898,"(900, 1600)",3,0,golf,122.8492796421051,0.1876164773479104,0.26566676124930383,0.28353350311517717,0.39919854439795016,0.44183582328259946,0.46138506941497326,0.4501402497291565,0.4479247622191906,0.45121374540030956,0.4517001584172249
5,1,0.8,1,1,0.1,4,0.00025,65,320,0.075,1,0.9,0,poly,5,1,1e-05,6464,"(480, 854)",3,9,cholec,156.04587697982788,0.15434947218745948,0.1363041888922453,0.10511205662041903,0.22266531214118004,0.20989640131592752,0.23181249164044856,0.23233279958367348,0.2429318580776453,0.23502322994172573,0.25168958865106106
3,1,0.1,1,0,0.0,4,6e-05,65,10,0.1,1,1.0,0,poly,3,0,0.0001,900,"(767, 1022)",3,1,lesion,121.0435996055603,0.9153083741664887,0.9172034502029419,0.9202546268701554,0.9150519520044327,0.9219178766012192,0.9153698712587357,0.9180713027715683,0.9223707407712937,0.9214596390724182,0.9223226279020309
2,2,0.8,1,1,0.1,4,0.00048,30,40,0.08,2,1.0,1,cosine,3,0,1e-05,524,"(1232, 1624)",3,1,eyes,158.5234203338623,0.29627218544483186,0.19999514594674112,0.32679268047213555,0.2554361609742045,0.3513108342885971,0.2876010578125715,0.3621120885014534,0.35614956095814704,0.34964377135038377,0.36253596320748327
2,1,0.8,1,0,0.0,8,0.002,10,80,0.075,2,1.0,0,poly,5,1,0.0001,524,"(1232, 1624)",3,1,eyes,139.16106867790222,0.20809533102437855,0.25802338160574434,0.24307079520076513,0.2479576390236616,0.26930780373513696,0.2580466825515032,0.28547702096402644,0.29784295056015253,0.2767786165699363,0.301573415286839
3,1,0.1,1,0,0.1,8,1.5e-05,15,160,0.035,1,1.0,0,step,3,0,0.0,14164,"(600, 400)",3,12,human_parsing,192.11587858200073,0.862922978401184,0.8652472853660583,0.8655067712068558,0.8655450105667114,0.8659140229225158,0.8657921075820922,0.8658210307359695,0.8658668696880341,0.8659126430749893,0.8659208446741105
3,1,0.5,1,0,0.1,16,0.0015,30,10,0.055,2,0.9,0,onecycle,5,0,0.0001,524,"(1232, 1624)",3,1,eyes,139.37344455718994,0.04958112861786503,0.2707348223775625,0.2347599037922919,0.28464335231110455,0.27655029939487574,0.28483171444386246,0.26409192006103693,0.32965698428452017,0.3222198195755482,0.32750770524144174
2,1,0.8,1,1,0.0,8,0.0004,80,20,0.06,2,0.5,1,onecycle,5,0,0.0,633,"(464, 449)",3,3,US,156.1885323524475,0.8197179138660431,0.8604694962501526,0.83735893368721,0.8792766809463501,0.8818358540534973,0.8928896963596344,0.8984353721141816,0.9004910945892334,0.9034622102975846,0.9028073847293854
3,2,0.5,0,1,0.1,8,0.003,15,80,0.05,1,1.0,1,poly,5,1,0.0,898,"(900, 1600)",3,0,golf,140.00725650787354,0.0,2.9517404755097232e-05,0.008793414202955319,3.0868388421367856e-06,0.0004289692995371297,0.00018829842665581963,1.6925789986999006e-05,0.04036099170334637,0.08850608243756142,0.14782103314064443
5,1,0.1,0,0,0.0,4,0.00055,15,40,0.03,0,0.9,1,cosine_warm,3,1,1e-05,14164,"(600, 400)",3,12,human_parsing,198.59587597846985,0.8022787183523178,0.7933115661144257,0.8274527460336685,0.8568197786808014,0.860640349984169,0.8129406780004501,0.8225766062736511,0.8373271524906158,0.8415552288293838,0.8454345107078552
5,1,0.8,1,1,0.0,16,6e-05,50,80,0.045,2,0.9,0,cosine_warm,5,1,0.0001,489,"(288, 384)",3,1,polyp,117.73217487335205,0.7948940746486187,0.796397389518097,0.7970839578658342,0.8042140234261751,0.8078332781791687,0.8065485198050737,0.7911860687658191,0.8137385934591294,0.8159628249704838,0.8168600060045719
2,1,0.5,0,0,0.0,8,2e-05,10,1000,0.03,2,1.0,1,poly,5,1,5e-05,470,"(1600, 1200)",3,1,leaf,110.4433274269104,0.5405180618166924,0.5677113436162472,0.5801342364400626,0.5631699905730784,0.6037738032639026,0.5997776258736849,0.607315669208765,0.6037633419036865,0.6140456393361091,0.6123139537870884
2,2,0.8,0,1,0.0,4,1e-05,10,20,0.045,2,0.9,0,cosine,3,1,0.0001,524,"(1232, 1624)",3,1,eyes,155.55164790153503,0.1499348606914282,0.2762465501204133,0.2649273257702589,0.31065919026732447,0.30054257437586784,0.3262921780347824,0.31244275271892546,0.3233404949307442,0.31990722976624963,0.3250087592750788
3,1,0.8,1,1,0.1,4,1.2e-05,30,320,0.075,0,0.5,1,cosine_warm,5,0,0.0001,6464,"(480, 854)",3,9,cholec,155.43360042572021,0.18501157220453024,0.17779824752360582,0.1822793299332261,0.1908536832779646,0.19039232209324836,0.19138702116906642,0.19472117815166712,0.19517529774457215,0.20010762345045804,0.20241937078535557
5,2,0.5,0,1,0.1,8,0.0008,25,320,0.065,1,0.5,1,step,5,1,0.0001,524,"(1232, 1624)",3,1,eyes,158.92746257781982,0.20047986507415771,0.26349878441542385,0.24029747173190116,0.27958696968853475,0.26790727525949476,0.3175544150173664,0.29123727306723596,0.3169565737247467,0.316190542280674,0.34364782124757765
3,1,0.5,1,0,0.0,8,0.001,65,80,0.09,2,0.9,1,plateau,3,1,0.0001,6321,"(374, 280)",1,1,fiber,110.80945873260498,0.1989902913570404,0.14522320069372655,0.24939170926809312,0.26664352864027024,0.2504099287092686,0.27494931071996687,0.27675753757357596,0.28159265369176867,0.27913602218031885,0.2914233148097992
2,2,0.5,0,0,0.0,16,0.004,100,40,0.1,1,1.0,0,onecycle,5,1,0.0001,898,"(900, 1600)",3,0,golf,122.34979033470154,0.0,0.01853812495683087,0.059568626526743176,0.036261298973113296,0.052719328668899834,0.0655958446674049,0.0595120950601995,0.06753596756607294,0.08573875986039639,0.09666554909199476
5,2,0.1,1,1,0.1,8,0.002,80,20,0.045,0,0.5,0,step,5,1,5e-05,6321,"(374, 280)",1,1,fiber,127.37574100494385,0.0,0.00026525554712861774,0.014553741179406643,0.0,0.05068415654823184,0.03860748428851366,0.038438082626089456,0.04152840697206557,0.05171017702668905,0.06502624144777655
3,1,0.8,1,0,0.0,16,6e-05,15,160,0.095,0,0.5,0,step,5,0,5e-05,14164,"(600, 400)",3,12,human_parsing,193.163729429245,0.8592954307794571,0.8557552307844162,0.8583980709314346,0.8691050559282303,0.8722788244485855,0.8730311751365661,0.8699002474546432,0.8622247010469437,0.8745909929275513,0.8674535572528839
5,1,0.5,1,1,0.1,16,0.0008,20,160,0.07,1,1.0,0,step,3,1,5e-05,633,"(464, 449)",3,3,US,154.23072385787964,0.7222642451524734,0.813579997420311,0.8369486004114151,0.8566040307283401,0.8767184853553772,0.8636512607336044,0.8832851737737656,0.8888594627380371,0.8759268790483474,0.894242650270462
3,2,0.5,1,0,0.1,4,0.0015,50,40,0.055,1,0.9,1,plateau,5,0,0.0,524,"(1232, 1624)",3,1,eyes,140.75500798225403,0.2483416683971882,0.22241826318204402,0.22996499240398408,0.2998339725658298,0.27936813421547413,0.24548722095787526,0.2861480751074851,0.2716146757826209,0.30927043333649634,0.32869563698768617
3,2,0.5,0,0,0.0,8,0.0008,25,1000,0.05,0,1.0,0,onecycle,5,0,5e-05,480,"(1080, 1920)",3,3,terrain,169.57327890396118,3.390830556782021e-07,0.40837440341711045,0.3512236811220646,0.4493393421173096,0.41006275191903113,0.45442285388708115,0.4618132062256336,0.4838880054652691,0.4560472913086414,0.45906048342585565
5,1,0.8,1,0,0.1,4,0.001,20,1000,0.065,1,0.9,0,cosine_warm,5,0,1e-05,524,"(1232, 1624)",3,1,eyes,139.22265648841858,0.25775423347949983,0.3126716986298561,0.2315097155980766,0.32961517944931984,0.34247300699353217,0.3099256854504347,0.30679796673357485,0.31207058429718015,0.3482332851737738,0.3601157791912556
2,2,0.8,1,1,0.0,8,6.5e-05,25,640,0.065,2,1.0,0,cosine,5,1,0.0,6464,"(480, 854)",3,9,cholec,153.5774347782135,0.1596978098154068,0.2058005966246128,0.20975744239985944,0.21230466812849044,0.22958777323365212,0.2302474431693554,0.2378852427005768,0.23214230202138425,0.23221566639840602,0.23588743954896926
3,2,0.8,0,0,0.1,16,6e-05,15,320,0.075,0,1.0,1,poly,3,1,5e-05,109,"(1500, 1500)",3,1,building,165.8129379749298,0.31436206251382826,0.3507063455879688,0.3486375391483307,0.378115626424551,0.3896078810095787,0.38583525121212003,0.3744329333305359,0.3911093011498451,0.39564442858099935,0.3977393299341202
2,1,0.5,0,1,0.0,8,0.0004,20,1000,0.07,0,0.5,1,cosine,3,1,0.0001,6464,"(480, 854)",3,9,cholec,155.14456629753113,0.09989646458998322,0.09883291944861412,0.17906035296618938,0.20082275494933127,0.13813890926539898,0.22044395990669727,0.225292606651783,0.2129022717475891,0.22934252507984637,0.23749498091638088
3,1,0.8,1,1,0.1,16,0.00025,100,640,0.035,2,1.0,0,plateau,3,0,0.0001,14164,"(600, 400)",3,12,human_parsing,210.56296586990356,0.8306466639041901,0.8331296890974045,0.845108014345169,0.834937897324562,0.8462566405534744,0.83971409201622,0.8466729402542115,0.8293298542499542,0.8372694194316864,0.8349354088306427
5,2,0.1,0,1,0.1,16,0.0004,100,20,0.06,1,0.5,1,poly,3,0,0.0,524,"(1232, 1624)",3,1,eyes,158.25658535957336,0.3076984718441963,0.269088301807642,0.36411560997366904,0.3453236103057861,0.3727301605045795,0.3863000847399235,0.34208098128437997,0.3705021679401398,0.36065281741321087,0.3904090777039528
3,2,0.8,1,0,0.0,8,0.0005,10,160,0.095,1,0.9,0,poly,3,0,5e-05,898,"(900, 1600)",3,0,golf,121.91487574577332,0.3021643541753292,0.30222881194204093,0.42941215448081493,0.42980691101402047,0.45654268004000187,0.5040688198059797,0.4628032296895981,0.5364049680531024,0.5200108863413334,0.5237112894654274
3,2,0.5,1,1,0.0,8,0.0015,50,10,0.05,0,0.5,0,plateau,3,0,0.0,633,"(464, 449)",3,3,US,154.45803570747375,0.7134307056665421,0.7300884813070297,0.7660872101783752,0.790989701449871,0.8064782589673996,0.8091509342193604,0.8395884692668915,0.8411895841360092,0.8261340349912644,0.8502478510141372
3,2,0.8,1,0,0.1,4,1e-05,10,10,0.075,2,0.5,1,step,5,1,1e-05,480,"(1080, 1920)",3,3,terrain,169.90342593193054,0.41391379162669184,0.4351276092231274,0.48913444504141806,0.4997357830405235,0.5220435224473476,0.5291537523269654,0.5190394766628742,0.5085844039916992,0.5356589779257774,0.53247050344944
5,1,0.1,0,1,0.0,4,0.00025,10,10,0.08,0,0.5,0,cosine_warm,3,0,1e-05,489,"(288, 384)",3,1,polyp,120.00641369819641,0.7495764926075935,0.8022847183048725,0.7876952882856131,0.7944793405011297,0.8004935825243592,0.7354695040732622,0.783731684833765,0.7997343445196747,0.7971937650814652,0.7987521328032017
2,1,0.1,0,1,0.0,8,0.006,40,160,0.07,1,0.9,0,onecycle,3,1,0.0001,524,"(1232, 1624)",3,1,eyes,156.309068441391,0.10544105130247772,0.2113144828006625,0.23793429881334305,0.18418501392006875,0.2081180326640606,0.19551394358277321,0.20247690062969922,0.21917842281982303,0.21838577864691616,0.21540283858776094
5,1,0.5,1,1,0.1,4,0.002,65,1000,0.045,0,0.9,0,plateau,3,0,5e-05,470,"(1600, 1200)",3,1,leaf,125.95348572731018,0.3192618142813444,0.24089220836758612,0.44543962366878986,0.4938567700330168,0.46927207373082636,0.4455630088981707,0.520398279838264,0.4971869857050478,0.5017212350852788,0.49285819549113513
3,2,0.1,0,0,0.1,8,1e-05,20,80,0.035,0,0.9,0,onecycle,5,0,0.0,14164,"(600, 400)",3,12,human_parsing,192.37369203567505,0.8595246940851211,0.8660068273544311,0.8672625213861466,0.868267884850502,0.8691924393177033,0.8694329738616944,0.8696830570697784,0.8700455009937287,0.8700991213321686,0.870110884308815
2,1,0.8,1,1,0.1,4,0.0015,20,20,0.1,1,0.9,0,step,3,1,0.0001,900,"(767, 1022)",3,1,lesion,138.77431392669678,0.8138742238283158,0.846659368276596,0.8472874939441681,0.8684772402048111,0.8797334790229797,0.8752083748579025,0.8740605145692826,0.8551689475774765,0.8852218478918076,0.8769721031188965
3,1,0.5,0,1,0.0,8,0.003,40,80,0.08,2,0.5,1,onecycle,3,0,0.0001,900,"(767, 1022)",3,1,lesion,139.11603426933289,0.6441054061055184,0.7656838051974774,0.8263583391904831,0.8627397835254669,0.8379564389586449,0.855791163444519,0.8665712535381317,0.8626717671751976,0.8707869678735733,0.8703313440084457
3,2,0.1,1,0,0.1,4,0.001,25,10,0.07,2,1.0,0,plateau,3,0,0.0,489,"(288, 384)",3,1,polyp,102.73776698112488,0.4576187405735254,0.5175474893301726,0.5561720728874207,0.47890809215605257,0.5445748776197433,0.488720764964819,0.6466519325971604,0.6666915111243725,0.6715824350714683,0.6647271111607551
2,2,0.1,1,1,0.1,8,0.006,65,160,0.035,0,0.9,0,plateau,3,0,5e-05,900,"(767, 1022)",3,1,lesion,138.47930264472961,0.29955682922154664,0.5558767842128873,0.5223363503813744,0.5319290313869715,0.5374584052711725,0.537745489180088,0.5378241699188948,0.5378225717693568,0.5378242414444685,0.5378239911049605
2,2,0.5,0,0,0.0,4,2.5e-05,80,1000,0.1,1,0.5,1,step,5,1,0.0,6321,"(374, 280)",1,1,fiber,110.31857323646545,0.15710352100431918,0.1989879086613655,0.20863512083888053,0.22343117594718934,0.2391299620270729,0.24943085983395577,0.25001967400312425,0.23684099614620208,0.24664415195584297,0.2467643678188324
3,1,0.5,1,0,0.0,8,0.007,20,40,0.09,1,1.0,0,step,3,1,0.0001,633,"(464, 449)",3,3,US,138.8752944469452,0.0,0.0,0.0,0.0,0.0,0.0,0.0,0.0,0.0,0.0
2,1,0.1,1,1,0.1,8,0.0005,20,20,0.08,2,0.5,1,cosine,5,1,0.0,489,"(288, 384)",3,1,polyp,123.74583530426025,0.6860477410256862,0.48806217722594736,0.6811274498701095,0.718653723038733,0.698596678301692,0.736373732984066,0.7330289941281081,0.7672191321849823,0.768716149777174,0.766448487713933
2,2,0.5,0,0,0.0,4,0.0004,20,10,0.085,1,1.0,0,poly,3,1,0.0001,489,"(288, 384)",3,1,polyp,102.76733207702637,0.701796992495656,0.7118917599320411,0.7500945143401623,0.7732561737298965,0.7682253390550613,0.7915920589119196,0.7795282587409019,0.7793372623622418,0.7852853920310736,0.7846635591238738
2,1,0.8,0,0,0.1,8,5e-05,50,320,0.055,1,0.5,0,step,3,0,0.0,6464,"(480, 854)",3,9,cholec,139.0822250843048,0.17001907266676425,0.23880950547754765,0.22242735959589482,0.2432434044778347,0.2505965977907181,0.2594828210771084,0.2593435816466808,0.25150364488363264,0.25546241626143457,0.2631520424038172
2,1,0.5,1,1,0.0,16,0.0001,25,320,0.055,0,0.9,0,cosine,3,1,1e-05,470,"(1600, 1200)",3,1,leaf,125.63090300559998,0.5932882517576218,0.6061042733490467,0.6519928857684135,0.6656652182340622,0.596457763761282,0.6861898913979531,0.6794691935181618,0.6810409352183342,0.6791387617588043,0.6994505137205124
2,2,0.5,0,1,0.0,4,1.5e-05,10,40,0.1,1,0.5,0,onecycle,3,0,5e-05,480,"(1080, 1920)",3,3,terrain,184.42316436767578,0.4814623072743416,0.5248474247753621,0.5381781302392483,0.5411007598042488,0.5259735003113747,0.5380332484841347,0.5323489136993885,0.5314569778740406,0.5317547887563705,0.5310497500002385
3,2,0.8,0,1,0.1,4,6e-05,25,10,0.075,0,1.0,0,plateau,3,0,0.0,6464,"(480, 854)",3,9,cholec,155.54122304916382,0.20570630356669425,0.22830707635730504,0.2510703276842833,0.2457460153847933,0.2353478714823723,0.24246632903814316,0.24394808039069177,0.239148873090744,0.242215770855546,0.24644208364188672
3,2,0.5,1,1,0.0,16,0.0005,30,80,0.065,1,1.0,0,poly,5,0,1e-05,524,"(1232, 1624)",3,1,eyes,155.89686107635498,0.2526295863091946,0.3153177462518215,0.31692002788186074,0.3226447030901909,0.32805021293461323,0.314134518802166,0.3527346275746822,0.3630073361098766,0.3675010710954666,0.36699336394667625
5,1,0.1,0,0,0.1,16,1.5e-05,80,10,0.08,2,0.5,0,onecycle,5,0,0.0,14164,"(600, 400)",3,12,human_parsing,191.33938193321228,0.8595918744802475,0.8673281878232956,0.8679077833890915,0.8700657039880753,0.8711509436368943,0.8710637032985687,0.8716052383184433,0.8717060565948487,0.8716776192188262,0.8717574000358581
5,2,0.1,0,0,0.1,4,1.5e-05,10,160,0.03,1,0.5,0,plateau,5,0,1e-05,14164,"(600, 400)",3,12,human_parsing,192.98589634895325,0.8648730367422104,0.8686710238456726,0.8691400408744812,0.8682974278926849,0.8678974866867065,0.869233962893486,0.8695583403110504,0.8699435770511628,0.8701849639415741,0.8704827338457107
2,2,0.1,1,1,0.1,16,1.2e-05,65,20,0.09,1,0.5,0,plateau,5,1,1e-05,633,"(464, 449)",3,3,US,156.3143925666809,0.8041479647159576,0.8350472718477249,0.8380313038825988,0.851058280467987,0.8503052949905395,0.8517519891262054,0.844213280081749,0.8582401990890502,0.8519587874412536,0.8515278905630111
5,2,0.8,1,1,0.0,8,0.001,65,20,0.035,1,0.9,0,cosine_warm,5,0,1e-05,109,"(1500, 1500)",3,1,building,184.8062822818756,0.18652929775416852,0.2684573791921139,0.35460556149482725,0.37855142876505854,0.38680062890052797,0.35452711433172224,0.3921473629772663,0.39432950094342234,0.4162799514830112,0.3505566522479057
2,2,0.1,0,1,0.1,4,0.002,65,1000,0.03,1,1.0,1,poly,3,1,1e-05,6464,"(480, 854)",3,9,cholec,155.78899788856506,0.006519685039666001,0.10109171699732541,0.09652864634990692,0.10375995505601168,0.11528154760599137,0.14740118496119975,0.12631026282906532,0.14256131649017334,0.15223476756364107,0.1556100219488144
5,2,0.1,1,1,0.1,8,0.00048,10,320,0.09,0,0.5,0,plateau,5,0,0.0,6464,"(480, 854)",3,9,cholec,156.02791333198547,0.14486635867506265,0.16945190411061048,0.17805200722068548,0.16441935375332833,0.20425497367978096,0.21977490074932576,0.2393471386283636,0.23931987956166267,0.23947881646454333,0.23901697844266892
2,2,0.1,0,0,0.1,16,1.5e-05,20,80,0.07,2,0.5,0,poly,5,0,0.0001,480,"(1080, 1920)",3,3,terrain,169.03433084487915,0.4953714430332184,0.5094977214932441,0.5334880016744137,0.5364355042576789,0.5188466537743807,0.5311878070235252,0.5218548946082592,0.5306054733693599,0.523744647949934,0.5241482622921467
3,2,0.5,0,0,0.1,4,6e-05,100,1000,0.035,1,0.5,0,step,5,0,0.0001,524,"(1232, 1624)",3,1,eyes,138.96849703788757,0.3201189212501049,0.3404849894344807,0.30508521012961864,0.3499369017779827,0.3286861404776573,0.3840385928750038,0.3746640644967556,0.38684012815356256,0.3577210530638695,0.37448366209864614
5,2,0.5,1,0,0.0,8,0.002,20,40,0.035,1,0.9,1,plateau,5,0,0.0001,524,"(1232, 1624)",3,1,eyes,142.26782965660095,0.20033783372491598,0.2304356942884624,0.17881173314526677,0.1664502876345068,0.2641339307650924,0.2579804563894868,0.27048461996018885,0.28504083715379236,0.2887918744236231,0.29872230906039476
5,1,0.1,0,0,0.1,16,0.00025,100,80,0.06,2,1.0,0,cosine_warm,5,0,0.0001,6464,"(480, 854)",3,9,cholec,140.35083770751953,0.15834358856081962,0.2435356955975294,0.24473083652555944,0.2453180354088545,0.25502334125339987,0.2234709495678544,0.25532652661204336,0.2479644648730755,0.2616991713643074,0.2634207207709551
5,1,0.8,1,1,0.1,8,0.004,20,10,0.085,0,0.9,0,step,3,1,0.0001,480,"(1080, 1920)",3,3,terrain,185.4137465953827,0.0,0.0,0.25926642268896105,0.0,0.0,0.0,0.0,0.0,0.0,0.0
5,1,0.5,1,0,0.0,4,0.00048,15,80,0.08,1,0.5,1,plateau,5,1,0.0,480,"(1080, 1920)",3,3,terrain,169.68192410469055,0.3388593539595604,0.32169887274503706,0.3416572313755751,0.34281866885721685,0.41632632836699485,0.377663255110383,0.36824248135089876,0.4184823714196682,0.3288882025168277,0.4715798992663622
3,2,0.5,0,1,0.1,8,0.00025,30,320,0.09,2,0.5,0,poly,3,0,5e-05,470,"(1600, 1200)",3,1,leaf,126.78875279426575,0.563406540453434,0.6125646770000458,0.6054213583469391,0.5977966398000717,0.6295036222785712,0.6553106591105461,0.6563318386673928,0.6590499162673951,0.6423936873674393,0.6608156323432922
3,1,0.8,0,0,0.1,8,2e-05,10,20,0.06,0,0.5,1,plateau,5,1,0.0001,898,"(900, 1600)",3,0,golf,123.87027764320374,0.4529079858213663,0.5637477014213801,0.6021152015775442,0.6040345095098019,0.6205623887479306,0.6195663549005985,0.617705212906003,0.6201573699712754,0.6306144595146179,0.6216874964535236
2,1,0.5,0,1,0.1,16,6e-05,80,10,0.1,0,0.5,0,onecycle,3,0,0.0,6464,"(480, 854)",3,9,cholec,156.05696272850037,0.22016517780721187,0.2411588193848729,0.2525603249669075,0.2588688023388386,0.24307951033115388,0.25131682902574537,0.25448072217404843,0.2487224217504263,0.2497153624892235,0.24946143180131913
2,2,0.5,1,0,0.0,8,0.00055,40,10,0.035,0,0.5,0,poly,5,1,5e-05,14164,"(600, 400)",3,12,human_parsing,194.55457997322083,0.7819648057222366,0.7975608348846436,0.7722469598054886,0.8163449734449386,0.7518731474876403,0.8349404841661453,0.8355487257242202,0.8419237762689591,0.8435622453689575,0.8454881817102432
2,1,0.8,1,0,0.1,4,0.00012,100,320,0.1,1,1.0,0,plateau,5,0,5e-05,524,"(1232, 1624)",3,1,eyes,138.9420623779297,0.3067485973238945,0.32662067338824274,0.34357836842536926,0.36391691491007805,0.36696225181221964,0.36149267107248306,0.3508114218711853,0.36390827894210814,0.3793135233223438,0.36508388742804526
2,2,0.1,0,0,0.1,16,0.001,80,40,0.035,1,1.0,1,plateau,5,1,0.0,489,"(288, 384)",3,1,polyp,101.57419300079346,0.4797570876777172,0.37852893993258474,0.46895399075001476,0.6200809523463249,0.6428590506315232,0.6673301950097084,0.6606817863881588,0.6768551424145699,0.6912165224552155,0.6880170285701752
3,1,0.8,0,0,0.1,4,0.007,65,320,0.05,1,1.0,0,onecycle,3,1,1e-05,109,"(1500, 1500)",3,1,building,163.5900411605835,0.12413926683366298,0.2449178397655487,0.17891879044473172,0.18219065852463245,0.24185883738100528,0.20997817777097225,0.24157134145498277,0.24499436542391778,0.2283410519361496,0.22488247863948346
5,2,0.8,1,0,0.1,4,0.00018,25,20,0.065,2,0.5,1,cosine,3,1,1e-05,14164,"(600, 400)",3,12,human_parsing,193.50125765800476,0.8414402872323989,0.8580927610397339,0.8579004764556885,0.8635943859815598,0.8665021866559982,0.8715889304876328,0.8656108736991882,0.8638688206672669,0.8608304232358932,0.8607381880283356
3,1,0.1,0,0,0.0,16,0.004,25,10,0.08,0,1.0,1,poly,5,0,0.0001,6321,"(374, 280)",1,1,fiber,109.12616896629333,1.178272650577128e-05,0.0019505075710185339,0.06323531372472643,0.005647334241803037,0.05955921672284603,0.024601947830524294,0.06222680639475584,0.04930168399587274,0.058166470285505055,0.05847646342590451
3,1,0.5,0,0,0.1,8,0.00012,100,40,0.045,2,0.9,1,plateau,3,0,0.0001,14164,"(600, 400)",3,12,human_parsing,192.73137521743774,0.8482165843248367,0.8571493178606033,0.8570928603410721,0.8627460241317749,0.8576293557882309,0.8642162591218948,0.8687911361455918,0.8622147351503372,0.8644292682409287,0.8648922830820084
3,1,0.1,1,1,0.1,16,0.0015,40,1000,0.075,1,0.9,1,onecycle,5,1,5e-05,633,"(464, 449)",3,3,US,157.86912417411804,0.22009474858641626,0.7239322334527969,0.7418548226356506,0.7793738394975662,0.8220541536808014,0.819509944319725,0.8244751572608948,0.8395362138748169,0.8420103669166565,0.8418544590473175
5,2,0.1,0,0,0.1,4,1e-05,10,640,0.065,2,1.0,1,plateau,3,0,5e-05,109,"(1500, 1500)",3,1,building,164.9361617565155,0.14635713879251852,0.28983565606176853,0.30216693244874476,0.3288142912089825,0.34560795947909356,0.3593816369771957,0.3677726715803146,0.36822018548846247,0.37434749975800513,0.37981687411665915
2,2,0.1,1,0,0.1,8,0.0004,25,640,0.03,0,0.9,1,poly,5,1,0.0001,470,"(1600, 1200)",3,1,leaf,105.74737858772278,0.5427717067301273,0.5512115643359721,0.600680360198021,0.6175645843148232,0.630349101126194,0.6350891716778279,0.6645716406404972,0.6737944319844246,0.6776710152626038,0.686502180993557
3,2,0.5,1,1,0.0,16,0.007,65,40,0.09,2,0.9,1,onecycle,5,1,0.0001,470,"(1600, 1200)",3,1,leaf,128.75147008895874,0.26802591178566215,0.2875175947323442,0.17634699810296298,0.2235149685293436,0.1795388742815703,0.24312259117141366,0.26405426356941464,0.25055023320019243,0.2687753438949585,0.259141609352082
2,1,0.1,1,1,0.0,4,1.2e-05,40,20,0.045,2,0.5,1,plateau,5,0,1e-05,633,"(464, 449)",3,3,US,156.5987994670868,0.8140508979558945,0.8342232048511505,0.8419912248849869,0.8442737609148026,0.8586901932954788,0.8461034804582596,0.8573396444320679,0.8624473690986634,0.8561196953058243,0.8477360904216766
3,2,0.8,0,0,0.0,8,2e-05,15,640,0.065,0,1.0,1,plateau,3,1,0.0001,6464,"(480, 854)",3,9,cholec,141.37400889396667,0.18628739099949598,0.19288334101438523,0.18626529090106486,0.19681074526160955,0.20901515576988458,0.20253993794322014,0.1980063993483782,0.20673122629523277,0.20847175046801567,0.20481275022029877
3,1,0.1,0,1,0.1,8,0.0005,40,80,0.03,1,1.0,0,poly,5,1,5e-05,14164,"(600, 400)",3,12,human_parsing,212.9650092124939,0.8141795694828033,0.8199277222156525,0.83756782412529,0.843110129237175,0.8500064373016357,0.8419864237308502,0.8505111843347549,0.8501135617494583,0.8526806771755219,0.8540132969617844
5,2,0.8,0,0,0.1,16,0.0005,15,160,0.055,0,0.9,1,poly,3,0,5e-05,524,"(1232, 1624)",3,1,eyes,140.92330861091614,0.31454948857426646,0.3159479580819607,0.34391767531633377,0.34581236243247987,0.36382008865475657,0.3739312134683132,0.3787743367254734,0.3604915887117386,0.37184098213911054,0.37640762478113177
2,1,0.8,1,0,0.0,16,0.005,80,320,0.1,2,1.0,1,poly,3,0,1e-05,109,"(1500, 1500)",3,1,building,165.06479668617249,0.1535650173202157,0.14024561550468206,0.14217550978064536,0.21988569237291813,0.23733383491635324,0.2216324657201767,0.2245175328105688,0.22630849108099937,0.22056876718997956,0.23538192808628083
2,1,0.5,1,0,0.0,8,6e-05,25,80,0.095,2,1.0,1,cosine_warm,3,1,0.0,6464,"(480, 854)",3,9,cholec,140.23340916633606,0.21348861567676067,0.19331324175000192,0.16006767563521862,0.19431975279003383,0.1949180278927088,0.20554737336933612,0.18063147701323032,0.2111239679157734,0.21905986405909061,0.2118932120501995
3,1,0.8,1,0,0.0,16,0.007,10,20,0.1,2,0.9,1,plateau,5,0,0.0,480,"(1080, 1920)",3,3,terrain,170.56678891181946,0.0,0.0,0.0,0.0,0.0,0.0,0.0,0.0,0.0,0.0
2,2,0.5,1,1,0.0,4,0.001,80,320,0.085,1,1.0,1,plateau,3,0,1e-05,109,"(1500, 1500)",3,1,building,188.82608914375305,0.2829271135229646,0.33611627519130705,0.2902321733534336,0.3579448670148849,0.3941294975578785,0.4062808193266392,0.4017836809158325,0.4258805371820927,0.42636031582951545,0.42997860386967657
5,2,0.1,1,0,0.1,8,1e-05,30,160,0.07,0,1.0,1,poly,5,0,0.0,470,"(1600, 1200)",3,1,leaf,105.81746792793274,0.5067386043258011,0.5170053423382341,0.5479471048340201,0.5703136267140507,0.5649507362395525,0.5780092284083367,0.5792461472563446,0.5781717165373266,0.5830989353358745,0.58124985601753
2,2,0.1,0,0,0.1,8,0.0004,50,160,0.075,0,1.0,1,onecycle,3,0,0.0001,470,"(1600, 1200)",3,1,leaf,107.83299326896667,0.5141559211537242,0.432021573279053,0.5972215749323369,0.6089490756392479,0.6282432757318019,0.6535303980112076,0.681371946632862,0.7053233623504639,0.6964980274438858,0.6988536030054092
3,1,0.1,1,1,0.1,4,1.5e-05,80,640,0.065,0,0.5,1,cosine_warm,5,0,1e-05,898,"(900, 1600)",3,0,golf,139.70221376419067,0.4501624956727028,0.5002400429919363,0.508114749379456,0.5642049595713615,0.566344077885151,0.5790331635624171,0.5895708329975605,0.5883518472313881,0.5933609731495381,0.5962939489632845
3,2,0.8,1,0,0.1,8,0.002,20,80,0.05,1,0.9,0,step,3,1,1e-05,470,"(1600, 1200)",3,1,leaf,105.8490538597107,0.30971360486000776,0.3809441375080496,0.37916943337768316,0.2933979412885265,0.4001319694914855,0.3939739825669676,0.4503858117386699,0.45337647628039124,0.46183424135670065,0.475551519729197
2,1,0.8,1,0,0.0,16,2e-05,25,640,0.09,1,0.5,0,step,5,0,0.0001,6321,"(374, 280)",1,1,fiber,107.19487643241882,0.13239560537040235,0.20199923291802407,0.22694329991936685,0.19439264237880707,0.22861759290099143,0.2222896136343479,0.2437915675342083,0.23831568136811257,0.25579765662550924,0.23972901180386544
3,1,0.1,1,0,0.1,16,0.002,100,160,0.035,0,1.0,0,cosine_warm,5,1,0.0001,633,"(464, 449)",3,3,US,136.24553871154785,0.6082529157400132,0.7262571960687637,0.7954762160778046,0.7401164412498474,0.8046168386936188,0.8198481172323226,0.7719470202922821,0.8026654750108719,0.8139236390590667,0.7803950816392898
5,1,0.8,0,0,0.0,4,0.0008,50,1000,0.03,1,0.5,0,cosine,3,0,0.0001,480,"(1080, 1920)",3,3,terrain,167.85339522361755,0.15839512648963136,0.3855083227157593,0.37158249616622924,0.38624146208167076,0.4249915525317192,0.4015736125409603,0.43348579965531825,0.46373750939965247,0.46648492068052294,0.46524760201573373
3,2,0.5,0,1,0.0,16,1.2e-05,100,320,0.1,0,1.0,1,poly,3,0,0.0001,14164,"(600, 400)",3,12,human_parsing,208.89003372192383,0.8617520242929458,0.8670671880245209,0.8683195739984513,0.8687619924545288,0.868758025765419,0.8703651040792465,0.8702117711305618,0.8705772757530212,0.8707918852567673,0.8708632946014404
5,2,0.1,0,0,0.0,4,0.0004,65,160,0.07,1,0.5,0,poly,5,0,0.0001,633,"(464, 449)",3,3,US,140.1766858100891,0.8597610831260681,0.8729075282812119,0.8723457455635071,0.8587038069963455,0.883885994553566,0.8818063527345658,0.8935047417879105,0.8979509085416794,0.8941851913928985,0.9005651116371155
3,1,0.1,0,0,0.0,4,0.007,100,320,0.1,2,0.9,1,step,5,0,0.0001,480,"(1080, 1920)",3,3,terrain,170.0480456352234,0.0,0.0,0.0,0.0,0.0,0.0,0.0,0.0,0.0,0.0
3,2,0.5,0,0,0.1,16,0.0008,15,40,0.03,1,1.0,0,poly,5,0,1e-05,898,"(900, 1600)",3,0,golf,122.79317355155945,0.15226953206583857,0.28472215831279757,0.2253145894035697,0.2853107821196318,0.4400211810134351,0.3342140257358551,0.39915138129144906,0.3881901415064931,0.44398153889924286,0.4307335106655955
3,1,0.1,0,0,0.1,4,1.2e-05,80,80,0.03,1,1.0,0,cosine,5,0,5e-05,6464,"(480, 854)",3,9,cholec,141.56584286689758,0.18277210611850023,0.21176284682005644,0.21485658641904593,0.2245870755985379,0.21855792943388225,0.23191835917532444,0.2229662360623479,0.2254252888262272,0.22395708002150058,0.223224581964314
2,2,0.1,1,0,0.0,4,0.0015,15,40,0.045,1,1.0,1,step,3,1,0.0,109,"(1500, 1500)",3,1,building,166.35011291503906,0.22221364080905914,0.20665270201861857,0.3439368225634098,0.3447692457586527,0.36069732904434204,0.3586921088397503,0.36551168859004973,0.3686808869242668,0.3684457652270794,0.3709210895001888
5,1,0.5,1,1,0.1,16,0.00018,50,40,0.09,0,1.0,0,cosine,5,0,1e-05,489,"(288, 384)",3,1,polyp,119.2231981754303,0.7514116778969765,0.7720017604529857,0.7694938022643327,0.7800480324774981,0.7610054098069667,0.7694313250482082,0.7848275050520896,0.7946122959256172,0.8010206080973148,0.8031843859702349
5,2,0.5,1,1,0.1,16,0.0001,25,40,0.055,1,0.5,0,cosine,5,1,0.0001,633,"(464, 449)",3,3,US,153.55981397628784,0.8687326222658157,0.8617250114679337,0.8632199913263321,0.8805804163217544,0.8824477344751358,0.8791290611028671,0.8864495187997818,0.8949178516864776,0.8973982572555542,0.8934367030858994
3,1,0.1,0,0,0.0,16,0.0008,40,640,0.06,1,0.9,0,step,5,0,0.0001,6464,"(480, 854)",3,9,cholec,137.7503945827484,0.12084715869277715,0.17544870022684336,0.16241362020373346,0.1977197928354144,0.19085850473493338,0.22464027274399995,0.22895342260599136,0.23185662403702736,0.25251973010599615,0.24952786602079868
2,2,0.8,0,1,0.0,4,0.0001,100,10,0.055,2,0.5,0,step,3,1,1e-05,489,"(288, 384)",3,1,polyp,119.98880887031555,0.7952374275773764,0.796250019595027,0.804763108305633,0.7923604991286993,0.7900196501985193,0.8039040841162205,0.8012104792520404,0.8007989309728145,0.788255468942225,0.7968115121126175
3,2,0.1,0,0,0.1,4,0.00032,100,160,0.095,1,0.5,1,onecycle,5,1,0.0,6321,"(374, 280)",1,1,fiber,107.84807085990906,0.2018512398004532,0.2570161297917366,0.2677603542804718,0.2738745152950287,0.2810301162302494,0.29065613001585006,0.2887044049799442,0.29640243053436277,0.29473045766353606,0.2948417656123638
3,2,0.5,0,1,0.1,8,0.00055,10,1000,0.045,2,0.5,1,onecycle,5,1,0.0001,470,"(1600, 1200)",3,1,leaf,127.79099559783936,0.30559194505622145,0.48825793208670804,0.48551962003111837,0.5824153529945761,0.5768082796130329,0.6480417534708977,0.6608856216073036,0.6834448248147964,0.6897594973444938,0.6905963167548179
2,2,0.8,1,0,0.0,4,3.5e-05,10,10,0.075,2,0.9,1,step,5,1,0.0001,489,"(288, 384)",3,1,polyp,106.72021961212158,0.7985199868679047,0.8068426750600338,0.8050755146890879,0.8027629960328341,0.8106894165277481,0.8121617998927831,0.8104651477187872,0.811095185764134,0.8132501881569624,0.810726385936141
5,1,0.5,1,1,0.0,4,0.004,25,1000,0.06,2,0.5,1,onecycle,3,0,5e-05,524,"(1232, 1624)",3,1,eyes,159.1540448665619,0.036428079544566574,0.0997806520666927,0.20939751779660581,0.1753717158921063,0.21819553999230265,0.21740483930334448,0.20100874174386263,0.23994512464851142,0.23773990105837584,0.26516279615461824
2,1,0.8,1,1,0.0,8,6.5e-05,50,20,0.075,1,0.9,1,step,5,1,0.0001,470,"(1600, 1200)",3,1,leaf,126.3957142829895,0.601549674011767,0.6369421243667602,0.632053530216217,0.6651671886444092,0.6288657862693071,0.6859439864754677,0.6211636587977409,0.6962244391441346,0.6630288638174534,0.6783064052462577
2,1,0.8,0,0,0.0,4,0.00048,100,40,0.075,2,0.5,1,poly,5,1,5e-05,470,"(1600, 1200)",3,1,leaf,107.03084826469421,0.44671136762481184,0.6045468978583812,0.5928599387407303,0.5583147227764129,0.6044797673821449,0.614392825961113,0.661763907968998,0.6665160536766053,0.6835244461894036,0.6824084177613259
3,1,0.1,1,0,0.1,8,2e-05,15,40,0.075,0,1.0,0,cosine_warm,5,0,0.0,470,"(1600, 1200)",3,1,leaf,107.15729451179504,0.5342633929103613,0.5725548546761274,0.5670347973704338,0.5825010527856648,0.594941879529506,0.5983819276094436,0.589614676963538,0.617345598526299,0.6147547191008925,0.6118100941181183
5,1,0.5,0,0,0.1,8,1.5e-05,40,40,0.07,0,1.0,0,step,3,0,5e-05,489,"(288, 384)",3,1,polyp,102.98964476585388,0.7922086123377085,0.7967741459608078,0.8035106007009745,0.8024480622261763,0.8040404487401247,0.8049606217071414,0.8048236474394799,0.8062106275931,0.8071647489443421,0.8069008231163025
2,1,0.1,0,0,0.0,16,0.00048,10,40,0.065,2,0.5,1,cosine_warm,3,1,1e-05,633,"(464, 449)",3,3,US,139.34285497665405,0.8248072415590286,0.8608256042003631,0.8655890703201294,0.8725917100906372,0.8659876376390457,0.8759385943412781,0.8700925469398498,0.881937912106514,0.875896492600441,0.8897312074899674
2,1,0.5,0,1,0.0,4,2e-05,65,80,0.055,0,0.5,1,cosine,5,1,5e-05,633,"(464, 449)",3,3,US,157.04719638824463,0.8130993634462357,0.8300507605075836,0.8388056576251983,0.8501267373561859,0.8541767627000809,0.847681638598442,0.8656636863946915,0.8523401558399201,0.8566110342741012,0.8588942378759384
3,1,0.5,1,1,0.0,4,0.00012,40,80,0.035,1,1.0,1,cosine,3,1,5e-05,6464,"(480, 854)",3,9,cholec,157.32910823822021,0.166982951015234,0.21873438246548177,0.17288984470069407,0.21145484484732152,0.2311186295002699,0.22675877809524536,0.2453796535730362,0.22907006070017816,0.24281429275870323,0.23433598540723324
5,1,0.8,1,1,0.1,16,0.007,40,1000,0.05,0,1.0,0,poly,3,0,0.0,524,"(1232, 1624)",3,1,eyes,157.02433586120605,0.00038708226493326946,0.1884962900541723,0.17743228897452354,0.16703063882887365,0.20563405845314264,0.21071289861574768,0.16907835900783538,0.2190082224085927,0.21994919115677475,0.21624740809202195
3,1,0.5,1,0,0.1,4,2.5e-05,10,320,0.06,2,0.5,0,poly,5,1,5e-05,898,"(900, 1600)",3,0,golf,123.60850691795349,0.5013071332126856,0.5712432436645031,0.6097243268042802,0.6014463096857071,0.6146367833018302,0.6172751728445292,0.6200535327196122,0.6242345690727233,0.6232405595481396,0.623527840897441
3,2,0.1,0,0,0.1,4,2.5e-05,50,1000,0.04,2,0.5,0,onecycle,3,1,1e-05,524,"(1232, 1624)",3,1,eyes,140.09429025650024,0.24851302783936263,0.29619762152433393,0.3069634441286325,0.3347454532980919,0.34960826188325883,0.33660316467285156,0.3361429549753666,0.335495288670063,0.33688809871673586,0.33442860543727876
5,2,0.5,0,1,0.0,8,0.005,15,10,0.09,0,0.5,1,onecycle,5,0,5e-05,6464,"(480, 854)",3,9,cholec,155.79826974868774,0.0,0.0,0.0,0.0,0.0,0.0,0.0,0.0,0.0,0.0
2,1,0.5,1,1,0.1,16,0.00055,50,80,0.09,1,0.5,1,step,3,0,0.0001,524,"(1232, 1624)",3,1,eyes,158.3636655807495,0.31224096529185774,0.27982357479631903,0.27986991927027705,0.34443958550691606,0.3040918415412307,0.35702778548002245,0.30435519069433215,0.3535539336502552,0.34967613220214844,0.3720256224274635
3,2,0.5,0,0,0.1,4,0.002,80,320,0.08,2,1.0,1,cosine,5,0,1e-05,900,"(767, 1022)",3,1,lesion,121.7964997291565,0.8260590016841889,0.7933053225278854,0.818803183734417,0.8680057466030121,0.8495761156082153,0.8660359352827072,0.8701474577188492,0.875233581662178,0.868715688586235,0.8741952925920486
3,1,0.5,1,1,0.0,4,1.2e-05,40,40,0.05,1,1.0,0,cosine,5,1,0.0001,14164,"(600, 400)",3,12,human_parsing,205.9226508140564,0.8614167720079422,0.8640586495399475,0.8662743091583252,0.8677277714014053,0.8679946422576904,0.8689373195171356,0.8669911116361618,0.8673888206481933,0.8664475053548812,0.8666612327098846
2,1,0.1,0,0,0.0,8,1e-05,15,1000,0.055,1,0.5,0,cosine_warm,3,1,0.0,14164,"(600, 400)",3,12,human_parsing,192.04475021362305,0.8587801039218903,0.8620838493108749,0.8650053441524506,0.8654264241456986,0.8674727290868759,0.8678682029247284,0.8689091980457306,0.8695967108011246,0.8698962748050689,0.8702951520681381
2,1,0.5,1,1,0.1,4,5e-05,10,320,0.03,1,0.5,1,step,3,1,0.0,524,"(1232, 1624)",3,1,eyes,158.41864204406738,0.2900585509836674,0.3372364766895771,0.34731265231966973,0.3361732646822929,0.3398078873753548,0.3267180897295475,0.3507478393614292,0.3533055305480957,0.3611024059355259,0.35865859910845754
5,2,0.5,0,1,0.1,16,0.00032,50,320,0.07,0,0.5,0,step,3,0,0.0001,633,"(464, 449)",3,3,US,154.82232427597046,0.856298565864563,0.8630919277667999,0.8794487953186035,0.8910002171993255,0.893299862742424,0.8974637061357498,0.9049454659223557,0.8984097063541412,0.897726035118103,0.9062481462955475
2,2,0.1,0,0,0.0,16,0.0001,30,40,0.065,0,0.5,0,cosine,5,1,1e-05,524,"(1232, 1624)",3,1,eyes,142.4515242576599,0.3153484478592873,0.34179484769701957,0.3301089033484459,0.3651322856545448,0.3660470128059387,0.3483772799372673,0.3660561107099056,0.3727278433740139,0.36608154475688937,0.3716902360320091
2,1,0.5,0,0,0.0,8,0.006,80,10,0.095,2,1.0,1,cosine_warm,5,1,1e-05,109,"(1500, 1500)",3,1,building,164.74990344047546,0.16924905497580767,0.2290948297828436,0.20938096158206462,0.22311689145863056,0.23114506304264068,0.2185103189200163,0.23022655434906483,0.2216705247759819,0.24126270078122616,0.22822735719382764
5,1,0.8,0,1,0.0,8,1e-05,15,10,0.065,2,0.5,1,poly,5,0,0.0001,900,"(767, 1022)",3,1,lesion,139.09804940223694,0.9005446076393128,0.9038027465343476,0.9081891596317291,0.9095180600881576,0.910761433839798,0.9128184586763382,0.911532175540924,0.9139559686183929,0.9131467998027801,0.9124911844730377
3,1,0.1,0,0,0.0,4,0.005,80,80,0.045,1,1.0,0,plateau,3,1,0.0001,633,"(464, 449)",3,3,US,136.29594540596008,0.0,0.0,0.0,0.0,0.0,0.0,0.0,0.0,0.0,0.0
2,2,0.8,1,1,0.1,16,6.5e-05,15,40,0.07,2,1.0,0,poly,5,0,0.0,6464,"(480, 854)",3,9,cholec,154.4958198070526,0.19131122510880233,0.23548081051558256,0.23420368880033493,0.24085984528064727,0.24219823367893695,0.2499058622866869,0.24781419523060322,0.2442711055278778,0.24046507216989993,0.24431826844811438
3,1,0.1,1,1,0.0,8,0.0004,100,80,0.085,1,0.5,1,cosine,3,0,0.0001,633,"(464, 449)",3,3,US,156.6781280040741,0.8313802361488343,0.8428422272205353,0.8520377308130265,0.876958891749382,0.8689046502113342,0.8904825896024704,0.8978046178817749,0.8998544961214066,0.90345339179039,0.9026067167520523
3,2,0.8,1,1,0.1,8,5e-05,100,1000,0.03,0,0.9,0,cosine_warm,3,0,5e-05,470,"(1600, 1200)",3,1,leaf,124.74113655090332,0.5694437372498214,0.5928385895676911,0.607305183261633,0.599270291859284,0.6274881023913622,0.6234028762206435,0.630683084577322,0.6344105124473571,0.6299999799579382,0.6242044851183891
2,2,0.8,0,1,0.1,4,1e-05,25,160,0.075,0,1.0,0,plateau,3,0,1e-05,900,"(767, 1022)",3,1,lesion,138.02855682373047,0.8983619004487992,0.9007955819368363,0.9073496133089065,0.9109292536973953,0.9132737874984741,0.9135972201824188,0.9128327250480652,0.9162624657154084,0.9163295984268188,0.9174606561660766
2,1,0.8,1,1,0.1,8,5e-05,100,1000,0.085,2,0.5,0,poly,5,1,0.0,633,"(464, 449)",3,3,US,155.5695023536682,0.8472717583179474,0.8516913831233979,0.8641611993312835,0.8637907594442368,0.8828426837921143,0.8841401726007462,0.8791823297739029,0.8817137807607651,0.8882846683263779,0.884804967045784
3,1,0.1,0,0,0.0,16,6e-05,10,1000,0.04,2,1.0,1,cosine,5,0,1e-05,489,"(288, 384)",3,1,polyp,103.16606736183167,0.7992436215281487,0.7985622186213732,0.8079553510993719,0.8019954880699516,0.81189149543643,0.8112355567514896,0.8139982281252742,0.816398398950696,0.820088173635304,0.8172052999958396
3,1,0.5,0,0,0.1,4,0.0015,25,20,0.035,0,1.0,1,step,3,1,5e-05,489,"(288, 384)",3,1,polyp,105.91511106491089,0.25484223207458856,0.2529427526518703,0.3555095260962844,0.42426718497590626,0.35604311162605884,0.499495085189119,0.5629536778666079,0.5375267243012786,0.5679064448922873,0.5912758173421025
2,1,0.5,1,0,0.0,4,0.006,40,20,0.08,2,0.5,1,cosine,5,0,5e-05,900,"(767, 1022)",3,1,lesion,124.09802746772766,0.5293079610913992,0.533403268828988,0.5136463955044747,0.5665526177734137,0.5231693979352713,0.5404149450361728,0.5648774428293108,0.5472890552133322,0.5592235513031483,0.5546671912074089
5,1,0.1,0,0,0.0,16,0.004,100,320,0.035,0,0.9,0,cosine_warm,3,0,5e-05,900,"(767, 1022)",3,1,lesion,120.6473343372345,0.2155208840034902,0.7647063545882702,0.6975348063744604,0.8440728977322578,0.8466007500886917,0.6983951618443826,0.826042129099369,0.806094054877758,0.8395761176943779,0.8479317516088486
2,2,0.1,0,0,0.1,16,0.0008,100,20,0.07,1,0.5,1,onecycle,5,0,0.0001,633,"(464, 449)",3,3,US,140.66720724105835,0.7818751275539398,0.8035473883152008,0.8231274247169494,0.8285020172595978,0.8780949980020523,0.8733829766511917,0.8822663486003876,0.8915045976638794,0.8943151473999024,0.8940074115991592
3,2,0.8,1,0,0.1,16,0.0015,20,1000,0.03,1,0.9,1,onecycle,5,1,0.0,6321,"(374, 280)",1,1,fiber,109.40645122528076,0.1522090857848525,0.25188078731298447,0.24455310478806497,0.2743683524429798,0.2764526754617691,0.28432586789131165,0.28479812741279603,0.2926240757107735,0.2948409207165241,0.2947097882628441
3,2,0.5,0,1,0.0,8,6.5e-05,20,1000,0.075,0,0.5,0,onecycle,3,1,0.0,109,"(1500, 1500)",3,1,building,185.70767211914062,0.3231073059141636,0.35464615300297736,0.36701850444078443,0.3430337317287922,0.38985183611512186,0.38610574677586557,0.3945013634860516,0.4000203125178814,0.3987253174185753,0.4016415365040302
2,2,0.5,0,0,0.0,16,0.003,40,160,0.035,2,0.9,1,poly,3,0,0.0001,900,"(767, 1022)",3,1,lesion,123.68666172027588,0.7878211483359336,0.7826689094305038,0.8447160512208939,0.8571709513664245,0.8546740725636482,0.8527079731225967,0.8660337164998054,0.8448831558227539,0.8702380299568176,0.8712549448013306
3,1,0.8,1,1,0.0,16,0.00032,20,20,0.075,0,1.0,1,poly,5,0,1e-05,480,"(1080, 1920)",3,3,terrain,186.2350606918335,0.3878112122416496,0.45191871374845505,0.45624983608722686,0.44580507203936576,0.4834692724049091,0.4898806686513126,0.47940582036972046,0.5028821151703596,0.5303042732179165,0.5323513351380825
2,2,0.1,1,0,0.1,4,2.5e-05,30,320,0.065,1,0.5,1,poly,5,1,5e-05,109,"(1500, 1500)",3,1,building,165.37115359306335,0.2950686551630497,0.3223992668092251,0.34914663024246695,0.3580192379653454,0.3683590941131115,0.3722952172160149,0.36655286476016047,0.3708533599972725,0.3738833785057068,0.3749504044651985
2,1,0.8,0,0,0.1,16,0.007,25,40,0.055,2,1.0,0,poly,3,0,0.0,489,"(288, 384)",3,1,polyp,104.25464797019958,0.0,2.342112384212669e-06,0.0053461786976185975,0.006188110983202932,0.05006403074075934,0.10375543477275642,0.011479218443491845,0.055260343820555134,0.0759870454785414,0.07188547559781
3,2,0.5,1,0,0.1,4,0.0008,20,40,0.045,1,1.0,1,cosine_warm,3,1,0.0001,898,"(900, 1600)",3,0,golf,123.71535563468933,0.1810583548620343,0.2081185733899474,0.43598145581781866,0.20017026849091052,0.2532943455502391,0.36926213596016166,0.41063450314104555,0.4286837073042989,0.44806316811591385,0.165823180321604
5,2,0.8,0,1,0.1,4,5e-05,20,640,0.1,2,1.0,1,onecycle,5,0,0.0001,524,"(1232, 1624)",3,1,eyes,157.88991737365723,0.14423171877861024,0.2710191186517477,0.3557719238102436,0.36275993585586547,0.37383027374744415,0.36220972388982775,0.36392464563250543,0.35747126787900924,0.37117302268743513,0.36981811225414274
2,1,0.5,1,1,0.1,4,1.5e-05,10,320,0.065,0,0.9,1,cosine_warm,5,0,5e-05,489,"(288, 384)",3,1,polyp,120.20442962646484,0.7920799560844898,0.7962032865732909,0.8015449266880751,0.801470098644495,0.805975242331624,0.804999366402626,0.805496496707201,0.8083796497434378,0.8084696386009455,0.8078339748084545
5,1,0.5,0,1,0.0,16,5e-05,20,10,0.09,1,0.5,1,onecycle,3,0,0.0,524,"(1232, 1624)",3,1,eyes,157.81959223747253,0.29154506623744963,0.24055466391146182,0.3565277136862278,0.36552253141999247,0.3752040296792984,0.36714434176683425,0.3679338715970516,0.36815387979149816,0.3731315091252327,0.3735881306231022
3,1,0.1,0,0,0.0,8,0.0008,15,40,0.09,2,0.5,1,onecycle,5,1,1e-05,489,"(288, 384)",3,1,polyp,101.92159032821655,0.5578848615288734,0.4828385181725025,0.5406962203560397,0.527007507905364,0.6029090065509081,0.6828715451061725,0.7123020209372044,0.7466806843876839,0.7618807837367058,0.768762507289648
5,1,0.1,1,1,0.1,16,0.001,40,320,0.1,2,0.5,1,poly,3,0,0.0,489,"(288, 384)",3,1,polyp,122.50713324546814,0.4693364057689905,0.4930900245904922,0.5529055543243885,0.509499541670084,0.6015545137226581,0.5823736070189625,0.6316673580557108,0.5879495419561863,0.6780779510736465,0.6509519845247269
3,2,0.5,1,0,0.0,16,0.004,25,160,0.07,1,1.0,0,cosine_warm,3,1,0.0001,480,"(1080, 1920)",3,3,terrain,169.99844074249268,0.0,0.0,0.0,0.0,0.0,0.0,0.0,0.0,0.0,0.0
3,1,0.8,1,0,0.0,8,2.5e-05,20,80,0.07,1,1.0,0,cosine_warm,3,0,0.0,109,"(1500, 1500)",3,1,building,163.49310684204102,0.2957909904420376,0.3293337017297745,0.3388097293674946,0.35274340957403183,0.3598570190370083,0.3657376803457737,0.35808003023266793,0.3742926470935345,0.37584917321801187,0.38134310841560365
3,1,0.8,0,0,0.1,16,0.0015,100,40,0.04,0,0.9,1,plateau,3,1,1e-05,6321,"(374, 280)",1,1,fiber,107.75466060638428,0.2119360242038965,0.2574758782982826,0.2644009731709957,0.2685969457030296,0.28052031323313714,0.2817863211035728,0.2829347014427185,0.28097110241651535,0.2850922912359238,0.2899110153317451
3,2,0.5,1,0,0.0,4,0.003,100,40,0.03,0,0.5,0,poly,5,1,0.0,470,"(1600, 1200)",3,1,leaf,109.66207456588745,0.15949315284378826,0.25633160611614586,0.09612732206005603,0.18660831968300046,0.2844451797194779,0.21623731981962918,0.29810270364396274,0.2852349005639553,0.28220441173762084,0.2577670055441558
2,1,0.8,0,0,0.1,16,0.007,50,1000,0.03,0,1.0,1,plateau,5,1,1e-05,524,"(1232, 1624)",3,1,eyes,141.04560041427612,0.0031293138541514053,0.03808777208905667,0.1588247584179044,0.14874150827527047,0.19041337547823786,0.16666476354002951,0.18352566906251014,0.16838981374166906,0.1792995834723115,0.2175363166257739
3,2,0.5,1,0,0.0,16,2.5e-05,100,160,0.085,1,0.9,0,cosine_warm,5,1,0.0,480,"(1080, 1920)",3,3,terrain,168.51087045669556,0.5114378280937671,0.5228278025984764,0.5179882198572159,0.5083795189857483,0.5193452566862107,0.49168786257505415,0.5260164886713028,0.5316775366663933,0.5151994481682778,0.5190342284739018
3,1,0.5,0,0,0.0,4,2.5e-05,25,20,0.07,2,1.0,0,cosine,5,1,0.0001,898,"(900, 1600)",3,0,golf,122.11951732635498,0.4993116702884436,0.58110809661448,0.5546187467873096,0.600836006179452,0.6018699232488871,0.6052429638803005,0.6047799613326788,0.6060373812913895,0.6077544383704663,0.6076562445610761
2,2,0.8,1,1,0.1,4,3.5e-05,50,320,0.1,1,0.5,1,onecycle,3,0,0.0,489,"(288, 384)",3,1,polyp,118.76128220558167,0.8007929541170598,0.8030575156211853,0.7956922091543674,0.807589552551508,0.8093533396720887,0.8112638961523772,0.8109765216708184,0.8131620544940233,0.8134112324565649,0.8134676106274128
5,1,0.5,0,1,0.0,4,0.00055,25,80,0.06,2,0.9,0,step,3,0,5e-05,6321,"(374, 280)",1,1,fiber,126.99571442604065,0.18589478991925718,0.2611286997795105,0.24220307990908624,0.27768767550587653,0.27904418855905533,0.2794894605875015,0.2898435518145561,0.2961082860827446,0.28922455608844755,0.29848009496927264
5,2,0.1,0,1,0.0,4,0.00025,20,10,0.065,0,1.0,1,cosine,3,1,0.0,524,"(1232, 1624)",3,1,eyes,157.55905866622925,0.2718801829963923,0.20358527526259423,0.3645462989807129,0.32576213479042054,0.3504355035722256,0.3692108325660229,0.37455431520938876,0.3715450972318649,0.38291578367352486,0.38225369304418566
2,1,0.1,1,1,0.0,8,3.5e-05,15,640,0.03,0,0.5,1,step,3,1,5e-05,898,"(900, 1600)",3,0,golf,140.36353158950806,0.5460751771926879,0.5417540930211544,0.6192455135285855,0.6219198979437351,0.6261429250240326,0.6242837257683277,0.6241232857108117,0.6239356435835361,0.6249400049448013,0.6249659977853298
2,2,0.5,1,0,0.0,4,0.00048,30,160,0.045,2,1.0,0,cosine_warm,3,1,0.0,633,"(464, 449)",3,3,US,138.1884777545929,0.814439108967781,0.8743787258863449,0.8586409330368042,0.876141756772995,0.8897540032863617,0.8866217792034149,0.8699962198734283,0.8465389490127564,0.8593089342117309,0.8720243483781814
3,2,0.8,1,1,0.1,4,0.007,65,1000,0.07,1,1.0,1,cosine_warm,5,1,0.0,524,"(1232, 1624)",3,1,eyes,158.4532573223114,0.09842157196253538,0.18489020671695472,0.18983120676130055,0.10299938272219152,0.19216420203447343,0.16498698038049042,0.20567855816334485,0.20530050517991186,0.19904339946806432,0.18618803061544895
2,2,0.8,1,1,0.0,8,0.0005,100,10,0.09,1,0.5,1,onecycle,5,1,5e-05,470,"(1600, 1200)",3,1,leaf,125.30575132369995,0.5095198556780816,0.5623162244446576,0.3994379823561758,0.6067092414945364,0.6196227140724659,0.6422897294163704,0.669092383980751,0.6902169167995453,0.6926488772034645,0.6951100111007691
5,1,0.1,0,1,0.1,16,0.001,80,1000,0.06,1,1.0,0,cosine_warm,3,1,1e-05,900,"(767, 1022)",3,1,lesion,138.33027052879333,0.810547125339508,0.8460431069135665,0.87622871696949,0.8858828872442246,0.8832349240779876,0.8502763539552689,0.8683566629886628,0.8753935247659683,0.8819611370563507,0.8834248960018158
5,2,0.8,1,1,0.1,16,0.00032,25,20,0.04,1,0.9,0,poly,5,1,1e-05,14164,"(600, 400)",3,12,human_parsing,208.5389552116394,0.815816530585289,0.8464338064193726,0.8388335704803467,0.8502172708511353,0.8552140086889267,0.8740706950426101,0.8705035865306854,0.8744707107543945,0.8749689668416977,0.8717516869306564
3,1,0.8,1,0,0.1,8,0.00055,25,80,0.085,2,0.5,1,onecycle,3,0,0.0,6321,"(374, 280)",1,1,fiber,109.20934629440308,0.16669302582740783,0.15210745856165886,0.25568393245339394,0.22479663789272308,0.27832167148590087,0.2884992204606533,0.29420931711792947,0.2932552948594093,0.2961067475378513,0.29694489687681197
5,2,0.8,0,1,0.0,4,0.0001,20,1000,0.045,0,1.0,0,cosine_warm,3,1,0.0,900,"(767, 1022)",3,1,lesion,137.58657360076904,0.914308738708496,0.9120297431945801,0.910653030872345,0.9151887893676758,0.9143223583698272,0.9149105489253998,0.9187775135040284,0.9256885141134262,0.9169779866933823,0.9056468576192855
3,1,0.8,1,0,0.1,8,0.005,15,320,0.06,2,0.5,1,cosine_warm,3,1,1e-05,900,"(767, 1022)",3,1,lesion,122.33168768882751,0.5483122682198882,0.6944810792803764,0.6841333318501711,0.6359237585682422,0.7271142311394214,0.7082785248756409,0.13490933662869792,0.6974081706255675,0.6766939640045166,0.6912465639412403
2,2,0.1,1,0,0.0,16,0.00025,100,320,0.055,0,0.5,0,cosine,5,0,5e-05,898,"(900, 1600)",3,0,golf,121.98193192481995,0.5327741608023644,0.47346252761781216,0.42258953563869,0.5194187097251415,0.4910274835303426,0.5293935555964708,0.5128268411383032,0.6033951859921217,0.5777035173028707,0.5782585740089417
2,2,0.8,0,1,0.1,8,0.0008,65,640,0.075,2,1.0,0,plateau,3,0,0.0001,6321,"(374, 280)",1,1,fiber,126.80814933776855,0.1731681864708662,0.26056038290262223,0.26365229338407514,0.2747668482363224,0.27713104262948035,0.28196520283818244,0.27656582519412043,0.2717911474406719,0.2874929793179035,0.2872267559170723
2,2,0.5,0,1,0.0,16,0.00032,100,40,0.08,0,0.9,1,plateau,5,0,0.0001,480,"(1080, 1920)",3,3,terrain,185.17788696289062,0.3893497735261917,0.45707721933722495,0.4246859481558204,0.38408779799938203,0.48440808430314064,0.49657493755221366,0.5059043109416962,0.5390642382204532,0.5515523456037045,0.5580328792333603
3,1,0.1,0,1,0.1,16,0.0008,80,640,0.07,0,1.0,0,cosine_warm,5,1,0.0,6464,"(480, 854)",3,9,cholec,155.19270944595337,0.13118852768093348,0.15304979179054498,0.1906665198504925,0.16796478480100632,0.18405253868550062,0.19553352277725936,0.11572505831718445,0.21721497531980277,0.20073430612683296,0.20004287138581275
2,1,0.5,0,0,0.0,4,1.5e-05,40,80,0.06,0,1.0,0,cosine_warm,5,0,0.0001,633,"(464, 449)",3,3,US,138.0969274044037,0.8265054523944855,0.8402696341276169,0.8521325767040253,0.8584685295820236,0.866126736998558,0.8680752575397491,0.8729193061590195,0.8705928653478623,0.8714569419622421,0.8739830464124679
2,2,0.5,1,0,0.0,8,6e-05,65,80,0.065,2,0.5,0,step,5,0,0.0001,6464,"(480, 854)",3,9,cholec,138.7266788482666,0.17063889000564814,0.218327035009861,0.18280141912400721,0.22708727717399596,0.195447776094079,0.22210920117795468,0.22797590382397176,0.23383364379405974,0.221550615131855,0.23939252011477946
3,2,0.8,1,1,0.1,16,0.0008,65,1000,0.075,0,0.5,0,step,3,0,5e-05,470,"(1600, 1200)",3,1,leaf,123.96922850608826,0.4486773142591119,0.25580644997826313,0.40963867839891466,0.5972265049815177,0.5513458304107189,0.570274182036519,0.5591274708509445,0.5531140422914177,0.537436549924314,0.6019971806555986
3,2,0.5,1,0,0.0,8,0.005,15,320,0.1,2,0.5,1,cosine_warm,5,1,5e-05,898,"(900, 1600)",3,0,golf,124.2840805053711,0.0,0.0004512465326115489,0.0001028891787655084,0.0,0.0004371352335510892,1.9058482394029852e-05,0.0004446926847776922,0.0014533472489347333,3.425488694119849e-05,7.453243597410619e-06
5,2,0.5,1,0,0.1,16,3.5e-05,25,160,0.065,1,0.5,0,cosine_warm,5,0,0.0,898,"(900, 1600)",3,0,golf,121.91796636581421,0.5393654122948647,0.5865015558898449,0.5932812493294477,0.6140060231089592,0.6084003768861294,0.6200433552265168,0.6285748910158873,0.6310656175017357,0.6323919758200646,0.6246828272938728
3,2,0.8,1,0,0.0,8,0.0001,50,10,0.06,1,0.9,1,cosine_warm,3,1,0.0001,524,"(1232, 1624)",3,1,eyes,141.92785263061523,0.3207291468977928,0.33409278839826584,0.3275003507733345,0.3393189489841461,0.34582249224185946,0.3537863940000534,0.35940586030483246,0.36370266377925875,0.3574004791676998,0.3635312654078007
3,1,0.8,0,0,0.0,4,0.00032,20,160,0.065,1,1.0,0,step,3,1,1e-05,524,"(1232, 1624)",3,1,eyes,139.22374820709229,0.32241576686501505,0.28543424010276797,0.32508344426751135,0.3491325169801712,0.323901891708374,0.3516320653259754,0.3619068466126919,0.36986674815416337,0.38387992829084394,0.3818054236471653
5,2,0.5,1,1,0.0,8,0.001,25,20,0.1,2,1.0,1,cosine,3,1,0.0001,109,"(1500, 1500)",3,1,building,188.97198224067688,0.32828598506748674,0.35193641297519207,0.39042774215340614,0.3733591169118881,0.3957442529499531,0.39256850332021714,0.4103528060019016,0.40910148844122884,0.42066757902503016,0.4219203971326351
3,1,0.1,1,1,0.1,4,0.0005,30,1000,0.075,2,0.5,1,onecycle,5,0,1e-05,470,"(1600, 1200)",3,1,leaf,126.07687568664551,0.5424685059115291,0.4721090279519558,0.5676790139172226,0.4995658902451396,0.6281894244253635,0.6506061062216759,0.6402936518192291,0.6762947380542755,0.6736558072268963,0.6721319288015366
5,2,0.5,1,0,0.0,8,0.004,50,40,0.055,1,0.5,0,step,5,1,0.0001,470,"(1600, 1200)",3,1,leaf,107.82969975471497,0.22232956741936505,0.21482844837009907,0.1567619577050209,0.2825469110161066,0.18207453787326813,0.1850720844231546,0.2678068194538355,0.29343528118915857,0.25007856003940104,0.24017665889114143
3,1,0.5,0,0,0.1,4,2e-05,65,640,0.08,2,1.0,0,step,5,0,1e-05,480,"(1080, 1920)",3,3,terrain,169.70162749290466,0.5009670838713646,0.5193299487233162,0.536696394532919,0.5345799624919891,0.5173309862613678,0.5096478007733822,0.5129272773861885,0.527752111107111,0.5141795814037323,0.5093017213046551
5,2,0.1,0,1,0.0,16,3.5e-05,40,320,0.095,2,0.9,1,cosine_warm,5,1,5e-05,898,"(900, 1600)",3,0,golf,139.79492664337158,0.5161221727728844,0.5883324440568686,0.6053905874490738,0.6108529314398765,0.6135339576750993,0.612303976714611,0.6261809412389994,0.6381396442651749,0.6305237341672182,0.6318762138485908
2,1,0.5,0,1,0.1,8,1.2e-05,40,160,0.075,1,0.5,1,plateau,3,0,1e-05,480,"(1080, 1920)",3,3,terrain,187.03949809074402,0.4843086518347263,0.5060101360082626,0.5226238414645195,0.5332784101366996,0.5403421483933926,0.5383463270962239,0.5470586001873017,0.5533570177853108,0.557924086600542,0.5453040838241577
5,2,0.8,1,0,0.1,16,0.00012,25,160,0.07,0,0.5,0,step,5,0,1e-05,900,"(767, 1022)",3,1,lesion,121.44939088821411,0.899572816491127,0.9123214304447174,0.9114045739173889,0.9135701864957809,0.9184351533651351,0.9190263271331787,0.9232783257961273,0.9195208877325058,0.9190921485424042,0.9216958433389664
3,2,0.1,0,0,0.0,8,1.5e-05,50,640,0.075,0,1.0,1,plateau,5,0,5e-05,109,"(1500, 1500)",3,1,building,167.18375515937805,0.241487347939983,0.320891035720706,0.3467987895011902,0.3574325781315565,0.3628134772181511,0.3689877476543188,0.3761308785527945,0.3810348615050316,0.3844483606517315,0.37570132985711097
5,1,0.1,0,1,0.1,16,0.00025,10,160,0.085,1,0.9,0,step,5,0,0.0001,480,"(1080, 1920)",3,3,terrain,189.46467852592468,0.20061603672802447,0.45614636689424515,0.499124525859952,0.40420339852571485,0.5040050057694316,0.5311992645263672,0.547220229357481,0.5390531584620476,0.5469908557832242,0.5541718274354934
5,1,0.8,1,0,0.1,4,6.5e-05,40,320,0.1,0,0.9,0,onecycle,3,0,0.0,898,"(900, 1600)",3,0,golf,124.35113835334778,0.47829214930534364,0.5460810266435147,0.6222945477813482,0.6201276388019323,0.6158593397587537,0.6219009522348642,0.6517870888113976,0.6538249984383583,0.6549104750156403,0.6548063069581985
5,2,0.8,1,0,0.0,4,0.00048,80,40,0.055,2,0.9,0,plateau,5,0,0.0001,489,"(288, 384)",3,1,polyp,100.41155338287354,0.6839748304337263,0.4389095026999712,0.685317226499319,0.6012186223641038,0.6647766392678023,0.6738017378374934,0.7183184418827295,0.6634109083563089,0.7426731836050748,0.6362062592059374
3,1,0.1,0,0,0.1,4,3.5e-05,100,640,0.095,0,0.5,1,poly,3,1,5e-05,900,"(767, 1022)",3,1,lesion,123.05644226074219,0.9092023640871048,0.9125854998826981,0.9128407627344132,0.9184517234563827,0.9201184153556824,0.9191520392894745,0.9215640306472779,0.9209255665540695,0.9181194394826889,0.9217699289321899
5,2,0.5,0,1,0.1,16,0.0015,30,10,0.095,0,1.0,1,step,3,0,0.0,6464,"(480, 854)",3,9,cholec,155.98900628089905,0.03159615202894202,0.08083287812769413,0.08164600906893611,0.12629264928400516,0.14050192683935164,0.15776214972138405,0.14267309289425611,0.1702311508357525,0.18456552382558583,0.1890770660713315
5,1,0.1,0,1,0.0,16,0.007,10,80,0.085,1,1.0,1,poly,5,1,1e-05,633,"(464, 449)",3,3,US,156.79530096054077,0.0,0.0,0.0,0.0,0.0,0.0,0.0,0.0,0.0,0.0
3,1,0.5,0,0,0.1,16,0.00055,65,320,0.045,1,0.5,0,plateau,5,1,5e-05,14164,"(600, 400)",3,12,human_parsing,196.80306887626648,0.791380164027214,0.7908600717782974,0.802563139796257,0.8165113002061843,0.8290626794099808,0.7940868079662323,0.7895535141229629,0.8333645731210708,0.8308746218681335,0.8367812126874924
2,2,0.5,1,0,0.0,8,0.007,10,20,0.06,0,0.9,1,onecycle,5,1,0.0001,480,"(1080, 1920)",3,3,terrain,172.01055335998535,0.0,0.0,0.0,0.0,0.0,0.0,0.0,0.0,0.0,0.0
5,2,0.1,0,0,0.1,8,6e-05,30,40,0.07,1,0.9,0,step,5,0,5e-05,6321,"(374, 280)",1,1,fiber,104.15417194366455,0.21117900982499122,0.22907450497150422,0.24132558926939965,0.2592926546931267,0.2416689522564411,0.2683765411376953,0.2692908264696598,0.27286110892891885,0.2719592392444611,0.27238514497876165
2,1,0.5,1,0,0.1,16,0.00048,80,80,0.09,2,0.9,1,cosine_warm,5,1,0.0001,14164,"(600, 400)",3,12,human_parsing,197.5736539363861,0.8217209100723266,0.8441089689731598,0.823788920044899,0.8465877950191498,0.8168271452188491,0.8366214990615845,0.7994322389364242,0.8461074084043503,0.8105795979499817,0.8246950060129166
5,2,0.1,0,0,0.0,4,0.007,80,10,0.03,1,1.0,0,plateau,3,1,0.0,470,"(1600, 1200)",3,1,leaf,106.50860691070557,0.17045713420084213,0.0802499442248518,0.29155991431325673,0.2361483029089868,0.2707997985649854,0.2459126805886626,0.23587541338056325,0.23975101187825204,0.2427380818873644,0.24304688144475223
5,2,0.1,0,0,0.1,16,0.0015,20,160,0.08,0,0.9,1,cosine_warm,3,1,5e-05,14164,"(600, 400)",3,12,human_parsing,192.7998445034027,0.637833072245121,0.6270596623420716,0.7575158834457397,0.8029808104038239,0.8218732118606568,0.6510277643799782,0.7441627264022828,0.7190918684005737,0.7652118772268295,0.7884592711925507
2,1,0.5,1,1,0.1,4,2e-05,100,1000,0.04,2,0.5,1,step,5,1,0.0,898,"(900, 1600)",3,0,golf,140.06813168525696,0.48315979205071924,0.5608792848885059,0.5825173784047365,0.5887849513441324,0.6156224396079779,0.606189700961113,0.6105088729411363,0.6258663550019264,0.6155059237033129,0.6210976082831621
5,1,0.8,0,0,0.1,8,2.5e-05,100,320,0.09,0,0.9,1,poly,3,0,0.0001,633,"(464, 449)",3,3,US,141.40226030349731,0.8386913031339646,0.8463567137718201,0.8580330073833465,0.8514072209596634,0.8691674321889877,0.8718723565340042,0.8711364179849624,0.8720925241708756,0.8775462716817856,0.8773961991071701
5,2,0.8,1,0,0.0,8,0.0008,65,640,0.1,1,0.5,1,step,5,0,0.0001,633,"(464, 449)",3,3,US,141.7037057876587,0.7753085017204284,0.8173638701438903,0.8302179455757142,0.8341277837753296,0.8396031111478806,0.8251651346683502,0.8709074467420578,0.880998232960701,0.8437254399061203,0.873078316450119
5,2,0.5,0,0,0.1,16,0.004,20,80,0.09,0,0.9,1,onecycle,5,1,1e-05,470,"(1600, 1200)",3,1,leaf,106.79347777366638,0.3095460856333375,0.3013620041310787,0.3128540197852999,0.2692080266773701,0.38333901166915896,0.4402800385840237,0.4334146623732522,0.45660415198653936,0.4591085359454155,0.4512429885566235
5,1,0.8,0,1,0.0,16,0.006,25,640,0.075,1,1.0,0,cosine_warm,3,1,1e-05,898,"(900, 1600)",3,0,golf,146.19140458106995,0.0,1.2756702312799462e-05,0.00019301612051094707,1.9745379540836437e-05,0.0002917257616445568,5.33671370249067e-05,0.0,0.003962383470297937,0.00010069689433294116,0.0001624412906494399
2,2,0.1,1,1,0.0,4,2e-05,40,40,0.08,0,1.0,1,poly,3,0,1e-05,524,"(1232, 1624)",3,1,eyes,158.1677074432373,0.25335340164601805,0.26261030193418267,0.2882711928337812,0.31359879970550536,0.33115530014038086,0.3200632110238075,0.33674913048744204,0.3415778152644634,0.33933668211102486,0.33693681880831716
3,1,0.1,1,0,0.1,8,0.002,40,40,0.05,0,0.5,0,plateau,5,1,1e-05,14164,"(600, 400)",3,12,human_parsing,194.21553206443787,0.45446418821811674,0.5404194965958595,0.6147771537303924,0.6693932443857193,0.660252919793129,0.7199250489473343,0.7229838967323303,0.7396778047084809,0.7373525530099869,0.7488886043429375
3,2,0.8,0,0,0.0,16,0.002,100,640,0.065,1,0.5,0,cosine_warm,3,0,1e-05,6321,"(374, 280)",1,1,fiber,106.17057156562805,0.0581853786483407,0.18767672553658485,0.20994930490851402,0.15717423520982265,0.1975693330168724,0.224159624427557,0.22370531186461448,0.22557149901986123,0.22273636981844902,0.22704969868063926
3,1,0.1,1,1,0.1,16,0.0015,20,640,0.06,0,1.0,0,poly,3,0,0.0,633,"(464, 449)",3,3,US,157.38563776016235,0.7460968106985092,0.7779584139585495,0.8174752771854401,0.8243435174226761,0.8066901832818985,0.8387495964765549,0.8555892050266266,0.8643769860267639,0.8603456020355225,0.870522728562355
5,1,0.5,1,0,0.1,16,0.003,100,640,0.045,2,1.0,1,plateau,3,0,5e-05,14164,"(600, 400)",3,12,human_parsing,196.76110744476318,0.4097190111875534,0.44832277297973633,0.5764015495777131,0.6004810899496078,0.60472292304039,0.5624892950057984,0.6450177773833274,0.6362931534647942,0.6451967120170593,0.6336755111813546
2,1,0.5,0,1,0.0,4,0.0001,15,160,0.1,0,0.5,0,cosine_warm,3,0,5e-05,900,"(767, 1022)",3,1,lesion,138.13762879371643,0.9115081518888474,0.9112055540084839,0.915626335144043,0.9178723514080047,0.9141360849142075,0.9160725831985473,0.9169780939817429,0.9197863787412643,0.9172102242708207,0.9192739069461823
2,1,0.5,1,1,0.0,16,0.007,25,40,0.085,1,0.9,0,cosine_warm,3,0,0.0,470,"(1600, 1200)",3,1,leaf,125.30339121818542,0.04178501561837038,0.2815974016673863,0.2750493031926453,0.2434514886699617,0.2591131010092795,0.23038319176994265,0.2099829257465899,0.25466773500666023,0.3027826198376715,0.26552803032100203
2,2,0.8,1,1,0.1,16,1.2e-05,20,40,0.03,0,0.5,0,cosine_warm,5,0,0.0,900,"(767, 1022)",3,1,lesion,137.81181263923645,0.900568550825119,0.9023681074380875,0.9080259144306183,0.9106235355138779,0.9115586072206497,0.9122848778963089,0.913966742157936,0.9156079530715943,0.9157958865165711,0.9164801567792893
2,1,0.5,0,1,0.0,8,3.5e-05,20,40,0.065,2,0.9,1,cosine_warm,5,1,0.0001,633,"(464, 449)",3,3,US,156.78503799438477,0.8112377792596817,0.835011687874794,0.8573201835155487,0.8537678331136703,0.8591099739074707,0.8562670230865479,0.8511132836341858,0.8589942544698715,0.8556618690490723,0.8685935139656067
3,1,0.1,1,0,0.0,4,0.00055,25,40,0.085,0,0.9,1,cosine,5,0,0.0001,900,"(767, 1022)",3,1,lesion,122.84506916999817,0.869267800450325,0.8828763484954834,0.87129245698452,0.868432492017746,0.8739099085330964,0.8890097826719284,0.9007479786872864,0.9068816721439361,0.9021334886550904,0.9065032362937927
2,2,0.1,0,0,0.1,4,0.0001,25,640,0.04,2,0.5,1,cosine_warm,3,0,0.0001,524,"(1232, 1624)",3,1,eyes,140.8132495880127,0.3219664417207241,0.34205574467778205,0.31740904599428177,0.3365799643099308,0.3589786387979984,0.3829971268773079,0.28885914012789726,0.33533264733850954,0.3789203867316246,0.3637995429337025
2,1,0.5,0,1,0.1,16,0.0001,40,160,0.08,2,0.9,1,onecycle,5,1,0.0,898,"(900, 1600)",3,0,golf,140.0453073978424,0.5463674604892731,0.5841557957231999,0.5939744375646114,0.5754996422678232,0.6055497717112303,0.6102154972031713,0.6198915138840675,0.6349728740751743,0.639750774949789,0.6399218164384365
3,1,0.8,1,0,0.1,4,0.00055,30,40,0.07,2,0.5,0,step,3,1,0.0,14164,"(600, 400)",3,12,human_parsing,192.89199948310852,0.7804731726646423,0.7972923070192337,0.8310710161924362,0.8002801209688186,0.8268389105796814,0.8360751748085022,0.8475687801837921,0.8385168194770813,0.8317170351743698,0.8439275205135346
3,2,0.8,1,1,0.1,8,0.001,80,320,0.06,2,0.5,0,cosine,5,1,0.0001,524,"(1232, 1624)",3,1,eyes,156.32424068450928,0.14778154818341135,0.2814089825376868,0.18439776804298164,0.3042237263172865,0.2860097765456885,0.3126702573150396,0.2947589159011841,0.31767194904386997,0.3286184810101986,0.3242625493556261
2,1,0.5,1,1,0.0,8,0.00048,80,160,0.035,0,0.5,0,cosine,3,1,5e-05,14164,"(600, 400)",3,12,human_parsing,204.70156168937683,0.7692421942949295,0.7369434654712677,0.8238087832927704,0.83341463804245,0.8304594337940217,0.8390030890703202,0.8440073937177658,0.8422971844673157,0.8514239102602005,0.8495002716779709
3,1,0.5,0,1,0.1,8,1.5e-05,65,640,0.06,1,0.5,1,poly,3,0,0.0001,6321,"(374, 280)",1,1,fiber,129.1567747592926,0.1379505382850766,0.1891023874282837,0.1985970564186573,0.17458808943629264,0.21180275902152063,0.20272690132260324,0.20780025273561478,0.2041256807744503,0.2244962602853775,0.21734606623649597
3,2,0.1,0,0,0.1,8,0.00012,25,640,0.065,2,0.5,0,cosine,3,0,1e-05,900,"(767, 1022)",3,1,lesion,120.81925702095032,0.9143291562795639,0.9149496287107468,0.9077734977006913,0.9083957850933075,0.9146711587905884,0.9173075079917907,0.9209609210491181,0.915434741973877,0.9202424824237824,0.9197051256895066
2,2,0.1,1,0,0.0,16,1e-05,65,320,0.04,1,0.5,1,cosine_warm,3,0,0.0001,524,"(1232, 1624)",3,1,eyes,140.46423602104187,0.07918939245282672,0.21131155928596854,0.2623831335455179,0.2973935356363654,0.2973330818116665,0.29194866120815277,0.2852326199412346,0.28554382361471653,0.31643001176416874,0.302089374512434
2,1,0.8,1,0,0.1,8,0.005,40,20,0.095,2,0.9,1,onecycle,5,0,0.0001,480,"(1080, 1920)",3,3,terrain,170.32360243797302,0.0,0.29746006429195404,0.0,0.0,0.0,0.0,0.0,0.0,0.0,0.0
5,2,0.1,1,1,0.0,8,0.0015,20,160,0.085,0,0.5,0,cosine_warm,5,0,0.0001,480,"(1080, 1920)",3,3,terrain,185.78348898887634,0.007111308197272593,0.32701595649123194,0.25821769749745727,0.39033854827284814,0.38928566947579385,0.4014581471681595,0.1871977511793375,0.3881985001266003,0.3786719337105751,0.38932141438126566
3,2,0.8,0,1,0.0,16,1.2e-05,40,10,0.035,1,1.0,0,plateau,3,0,1e-05,524,"(1232, 1624)",3,1,eyes,155.74253630638123,0.23983880635350943,0.29049183186143634,0.2918904734775424,0.31772849150002,0.3287903405725956,0.2991866234689951,0.3424939963966608,0.3200731735676527,0.3208555679768324,0.3110298652201891
2,2,0.5,0,1,0.1,16,0.007,15,20,0.1,0,0.9,0,plateau,5,0,0.0001,470,"(1600, 1200)",3,1,leaf,123.71997356414795,0.23736857832409441,0.10263100808660966,0.2540130002424121,0.14501459836028516,0.2312192102894187,0.2567511565051973,0.2673376874998212,0.2583016239106655,0.2649935487657785,0.2616886212490499
3,1,0.8,0,0,0.0,4,0.004,15,1000,0.035,0,1.0,1,plateau,3,1,1e-05,14164,"(600, 400)",3,12,human_parsing,191.90201830863953,0.02666375311673619,5.442726796900388e-06,0.001979388325025866,0.0024342323427390513,0.006155864052652759,0.013223676080519909,0.00317104669247783,0.11229754947125911,0.17255366668105127,0.2248602297157049
5,1,0.5,1,0,0.0,8,0.006,100,40,0.1,1,0.9,0,poly,3,0,0.0,109,"(1500, 1500)",3,1,building,164.86610102653503,0.20713007859885693,0.14092647191137075,0.0663373751565814,0.17619807906448842,0.20067901462316512,0.22795238941907883,0.2035148713737726,0.22371412850916386,0.2326855469495058,0.23054095432162286
2,2,0.1,0,1,0.0,4,0.00012,100,10,0.085,0,1.0,0,cosine_warm,5,1,0.0001,633,"(464, 449)",3,3,US,155.36523056030273,0.8502213031053543,0.874367767572403,0.8621354281902314,0.8780507743358612,0.8842983275651932,0.8877895444631576,0.8737330853939056,0.8908389419317245,0.8890904814004899,0.8845741540193558
5,2,0.8,1,1,0.0,4,0.0008,25,160,0.04,0,1.0,0,cosine_warm,5,0,0.0,470,"(1600, 1200)",3,1,leaf,123.96655249595642,0.45796528570353984,0.3427166794834193,0.518441217392683,0.5227815038524568,0.544488670118153,0.4927866521757096,0.4625985868740827,0.45132390335202216,0.5165647469460964,0.5278327811509371
3,2,0.1,0,0,0.0,4,0.0005,40,40,0.05,1,0.9,0,cosine_warm,5,0,0.0001,489,"(288, 384)",3,1,polyp,102.13073086738586,0.5719245478510857,0.7322487272322178,0.7580057200044393,0.6152225136756897,0.7322069555521011,0.734913044795394,0.7445638474076987,0.7703410223126411,0.7773738235235215,0.6514849223196506
5,2,0.1,1,0,0.1,4,0.00012,80,80,0.09,0,0.9,1,plateau,3,1,5e-05,470,"(1600, 1200)",3,1,leaf,107.23567271232605,0.5535758220590651,0.6367895483970643,0.6012925647199154,0.6431768253445626,0.667221300303936,0.6589856237173081,0.6620377033948899,0.6624213352799415,0.6624667942523956,0.6624685809016228
2,1,0.8,0,1,0.0,16,0.00012,100,160,0.095,2,0.9,0,cosine,5,0,0.0001,14164,"(600, 400)",3,12,human_parsing,206.12840485572815,0.8482686400413513,0.8554815620183944,0.8705857336521149,0.8609864056110382,0.8605985611677169,0.8559508979320526,0.8674111187458038,0.8667041659355164,0.8638729751110077,0.8638544410467148
2,2,0.5,1,0,0.0,16,0.00048,40,1000,0.085,1,0.5,1,onecycle,3,1,0.0001,6321,"(374, 280)",1,1,fiber,108.56734991073608,0.22440511733293533,0.25884228721261027,0.271035335958004,0.26596474200487136,0.274972465634346,0.28193095326423645,0.2868797704577446,0.2927228346467018,0.294502417743206,0.2935841865837574
3,2,0.5,1,1,0.0,16,5e-05,25,160,0.085,1,0.5,0,plateau,3,0,0.0001,14164,"(600, 400)",3,12,human_parsing,206.98905444145203,0.8619874656200409,0.8632329404354095,0.8618790507316589,0.8701051056385041,0.8673021078109742,0.8658085733652114,0.8665550768375396,0.8679099351167678,0.8752745479345322,0.8739400237798691
3,2,0.8,0,0,0.1,8,0.003,40,160,0.065,0,0.9,1,cosine,3,0,5e-05,470,"(1600, 1200)",3,1,leaf,106.50454068183899,0.17433815272524952,0.06838532382826087,0.22767139868810773,0.10985858688072767,0.24710018932819366,0.2573626653291285,0.23111120704561472,0.22971484055742622,0.25649900138378146,0.25773497205227613
2,2,0.5,0,0,0.0,16,0.0005,100,640,0.08,0,0.5,1,step,5,0,1e-05,489,"(288, 384)",3,1,polyp,102.72150349617004,0.6198036300367675,0.5162443976849318,0.626955446600914,0.6604626555927098,0.7150120586156845,0.7372840598225594,0.7610857367515564,0.7398839212954045,0.7443409100174904,0.76215283498168
2,1,0.8,1,1,0.1,4,1.2e-05,15,20,0.07,0,0.9,1,poly,5,0,5e-05,480,"(1080, 1920)",3,3,terrain,185.30562496185303,0.44454230144619944,0.4855467088520527,0.4790969669818878,0.5009555757045746,0.5140592575073242,0.5355620004236699,0.5277471594512463,0.5338301196694374,0.5343771420419217,0.5328849412500858
3,1,0.1,1,1,0.1,16,0.005,40,10,0.055,2,0.5,1,cosine_warm,5,0,1e-05,470,"(1600, 1200)",3,1,leaf,127.7084972858429,0.07489893669844605,0.23150794110260903,0.25826213099062445,0.24123711939901113,0.25428987592458724,0.25579104693606497,0.25759223620407284,0.22468844167888163,0.2297418992035091,0.2622845822945237
5,2,0.8,0,1,0.1,4,5e-05,30,80,0.035,0,0.9,1,plateau,5,0,5e-05,14164,"(600, 400)",3,12,human_parsing,207.78113102912903,0.8494548976421357,0.8712761789560318,0.8644371151924133,0.8738647758960724,0.8721459388732911,0.8736234128475189,0.8699091583490371,0.873448270559311,0.8730838268995285,0.8732217460870743
3,2,0.8,1,0,0.1,8,0.00032,80,320,0.06,2,0.5,1,plateau,5,0,0.0,524,"(1232, 1624)",3,1,eyes,140.78306460380554,0.3100536525249481,0.3190265648066998,0.30273105539381506,0.34979956336319445,0.34482911564409735,0.350256011262536,0.33532520234584806,0.34656841605901717,0.3601795628666878,0.36065498888492586
5,2,0.8,0,0,0.0,8,0.0004,80,80,0.04,2,0.5,1,step,3,1,1e-05,480,"(1080, 1920)",3,3,terrain,169.77194547653198,0.18723790042567998,0.46893220618367193,0.3060389069840312,0.45957008451223375,0.43185735791921614,0.4420565437525511,0.3769317902624607,0.5228940226137638,0.518931145966053,0.5149220705032349
3,2,0.8,1,0,0.0,4,6e-05,10,40,0.05,1,0.9,0,step,5,1,5e-05,14164,"(600, 400)",3,12,human_parsing,193.23458528518677,0.8555681616067886,0.8654430538415909,0.8597304910421372,0.866364136338234,0.8702884614467621,0.8679776728153229,0.8702836990356445,0.871684867143631,0.8677646487951278,0.8686488658189774
3,1,0.5,0,1,0.1,8,0.00048,80,40,0.075,1,0.9,0,step,5,0,1e-05,633,"(464, 449)",3,3,US,154.07150888442993,0.824541774392128,0.8579956471920014,0.8492789298295975,0.8829651713371277,0.872955721616745,0.8837497532367706,0.8872045636177063,0.889270493388176,0.9053942382335662,0.8999951303005218
3,2,0.8,1,0,0.1,8,0.0005,80,160,0.055,2,0.9,1,step,3,1,0.0,470,"(1600, 1200)",3,1,leaf,107.03344106674194,0.3982051800005138,0.4561527483165264,0.5463508538901806,0.5345353163778782,0.5508463805541396,0.5658350810408592,0.525864290446043,0.6020066693425179,0.6200533472001553,0.6225703527219594
2,1,0.8,0,0,0.1,8,2e-05,40,20,0.065,1,0.9,1,onecycle,3,1,0.0,633,"(464, 449)",3,3,US,140.45490026474,0.7914697587490082,0.8184492737054825,0.8240916132926941,0.8502966850996018,0.8454936116933822,0.8563141465187073,0.8479565680027008,0.8493499100208283,0.852691063284874,0.8525672614574432
5,1,0.5,0,0,0.1,16,0.007,15,640,0.1,2,0.9,1,plateau,5,1,0.0,524,"(1232, 1624)",3,1,eyes,141.58444213867188,0.1591671710833907,0.20268380008637904,0.2089595410041511,0.18306428110226988,0.20268099894747138,0.1783930660225451,0.18424450382590293,0.21471108281984924,0.19939208086580038,0.2070264345034957
5,2,0.5,1,1,0.0,4,0.004,25,1000,0.065,1,0.5,0,step,5,1,5e-05,898,"(900, 1600)",3,0,golf,138.92360877990723,0.0,4.144769022786932e-05,0.0002834517676546966,0.0008501137667735748,0.0,0.0005834864302869391,0.0009645752210417413,0.0,0.00018014753877650946,0.0
2,1,0.1,0,1,0.1,8,0.0015,50,10,0.1,0,1.0,1,cosine,3,0,1e-05,524,"(1232, 1624)",3,1,eyes,159.00400042533875,0.2419782340526581,0.27002130784094336,0.28933702427893876,0.24804344214498997,0.25619185250252485,0.32631865367293356,0.31788967885077,0.3322657238692045,0.3436111703515053,0.3403161592781544
5,2,0.5,0,1,0.1,16,1e-05,80,40,0.08,1,0.5,1,plateau,5,1,1e-05,6321,"(374, 280)",1,1,fiber,129.63123989105225,0.09321000152267515,0.16965722069144248,0.19558732584118843,0.18935940861701966,0.18464921787381172,0.17418761402368546,0.18010289072990418,0.1923026882112026,0.1948709435760975,0.18666126430034638
3,2,0.8,1,1,0.1,8,0.0004,10,10,0.08,1,1.0,1,cosine_warm,3,0,0.0001,6464,"(480, 854)",3,9,cholec,156.5824007987976,0.11339049134403467,0.2086673341691494,0.19497130289673806,0.18563110511749983,0.21598488111048936,0.2208718979731202,0.2310020226985216,0.23619416989386083,0.22914428375661372,0.1805807989090681
5,2,0.1,1,1,0.1,16,0.0001,65,320,0.07,0,0.5,1,cosine_warm,5,1,0.0001,470,"(1600, 1200)",3,1,leaf,126.45923924446106,0.5027830290608108,0.6203761465847493,0.6741664081811904,0.6745217755436897,0.6832275077700615,0.6860957086086273,0.6854498103260994,0.6970412760972977,0.6415124773979187,0.6391008205711841
3,2,0.5,1,0,0.1,16,0.003,50,40,0.045,2,0.5,0,cosine,5,1,0.0,6464,"(480, 854)",3,9,cholec,138.39447784423828,0.0,0.0,0.0,0.0,0.0,0.0,0.0,0.0,0.0,0.0
2,1,0.1,0,0,0.1,4,2e-05,40,10,0.09,1,0.9,1,plateau,5,1,1e-05,489,"(288, 384)",3,1,polyp,103.44049835205078,0.7907297369092703,0.7963087070733309,0.8041380047798157,0.8022203642874957,0.8056027017533779,0.8121084243059158,0.7994412397965789,0.8039220022037625,0.8044286571443081,0.805310464091599
2,2,0.1,0,0,0.0,16,0.003,25,10,0.09,1,0.5,0,cosine,3,0,0.0,470,"(1600, 1200)",3,1,leaf,106.21192193031311,0.2959606031188741,0.35321022355929016,0.31096211350522934,0.4086868517100811,0.3938619509339333,0.43205230953171847,0.4558749125339091,0.46857622656971215,0.48561038374900817,0.47427674671635034
3,1,0.1,0,0,0.0,16,0.0004,15,640,0.075,1,0.5,1,step,3,0,5e-05,898,"(900, 1600)",3,0,golf,124.9185402393341,0.3087061137892306,0.48237829133868215,0.3824388913810253,0.3344656554982066,0.48577629737555983,0.48135528303682806,0.4785539586097002,0.4841135166585445,0.4837033521384001,0.48226720951497554
5,2,0.8,0,1,0.1,8,2e-05,15,320,0.085,0,0.9,1,poly,5,1,5e-05,14164,"(600, 400)",3,12,human_parsing,215.08551120758057,0.8634057819843293,0.8650837987661362,0.8659373968839645,0.8669929146766663,0.8680360555648804,0.8674650967121125,0.8684202879667282,0.8688394993543624,0.8683796972036362,0.8684790909290314
5,2,0.1,0,1,0.0,4,0.001,25,40,0.06,0,0.9,1,cosine_warm,5,0,0.0001,109,"(1500, 1500)",3,1,building,185.61545395851135,0.3154768116772175,0.36172747761011126,0.34920583814382555,0.3943150244653225,0.3886000491678715,0.35574227906763556,0.3969626031816006,0.41365324780344964,0.42524010613560675,0.4369619905948639
5,1,0.5,0,0,0.1,16,0.00055,30,80,0.075,2,0.5,1,cosine_warm,3,0,0.0001,470,"(1600, 1200)",3,1,leaf,108.82948899269104,0.2004498865811911,0.5636528767645359,0.5916542164981365,0.5940618693828583,0.6596099153161049,0.6009582683444024,0.6080668732523918,0.6496616169810295,0.6552453488111496,0.6810599833726882
2,1,0.8,1,1,0.1,8,2.5e-05,65,20,0.035,1,0.9,0,cosine_warm,5,0,1e-05,524,"(1232, 1624)",3,1,eyes,156.36290550231934,0.24471013601869346,0.2850336840376258,0.29406392481178045,0.3114576831459999,0.3370509508997202,0.3279796313494444,0.3353536516427994,0.34190358184278014,0.28996591866016386,0.32356864809989927
3,1,0.1,1,1,0.0,4,2e-05,100,1000,0.09,0,0.5,0,cosine_warm,5,1,0.0,898,"(900, 1600)",3,0,golf,140.00370454788208,0.44042069744318724,0.5194624260067939,0.5316099531948566,0.5706276148557663,0.5886170089244842,0.5872820865362882,0.5934115886688233,0.5934784453362226,0.5996580235660076,0.6037756629288197
2,2,0.8,0,0,0.1,4,6e-05,15,20,0.08,2,0.9,1,onecycle,3,1,1e-05,633,"(464, 449)",3,3,US,140.82081007957458,0.8387101739645004,0.8530735015869141,0.8603318750858306,0.859554323554039,0.8712643057107925,0.8837075680494308,0.8839629888534546,0.8790383905172348,0.8824450433254242,0.8828522622585296
2,2,0.5,1,0,0.1,16,6.5e-05,50,320,0.04,2,1.0,1,onecycle,5,0,1e-05,898,"(900, 1600)",3,0,golf,125.78197503089905,0.576909190043807,0.5925185389816761,0.6164576783776283,0.6310317285358906,0.6146493326872587,0.6649005189538002,0.640479776263237,0.6453906431794166,0.6462985999882221,0.6496785826981067
5,1,0.8,1,0,0.1,16,2.5e-05,20,640,0.065,2,0.9,1,cosine,5,1,5e-05,14164,"(600, 400)",3,12,human_parsing,193.65035271644592,0.8625769257545471,0.8672813296318054,0.8662361830472947,0.8656967997550964,0.8685720503330231,0.867493000626564,0.8683336228132248,0.8702166169881821,0.8706638485193252,0.8700121492147446
2,2,0.1,1,0,0.0,16,0.0005,20,10,0.035,1,0.9,0,poly,3,1,0.0,480,"(1080, 1920)",3,3,terrain,170.44801497459412,0.3240015171468258,0.22772063165903092,0.4116872627288103,0.3568020651116967,0.23976084273308515,0.44063264280557635,0.46735053062438964,0.45936829745769503,0.48830324709415435,0.5006550043821335
5,1,0.5,1,0,0.0,8,6e-05,30,640,0.095,2,1.0,0,cosine,5,1,0.0,6321,"(374, 280)",1,1,fiber,115.30021286010742,0.2130667045712471,0.24095670506358147,0.24473820477724076,0.25446428507566454,0.2523878484964371,0.2577311784029007,0.273159334808588,0.2741955414414406,0.2743698887526989,0.26863152757287023
5,1,0.8,1,1,0.0,8,0.00055,20,40,0.06,2,0.5,0,cosine_warm,3,0,1e-05,480,"(1080, 1920)",3,3,terrain,184.38950610160828,0.20010992791503668,0.3383019961416721,0.42059412598609924,0.4489257462322712,0.4405385687947273,0.15323731508105992,0.4488200545310974,0.37914980221539735,0.48325722217559813,0.48942069336771965
5,1,0.5,1,0,0.1,4,1.2e-05,15,20,0.035,2,1.0,1,plateau,5,1,1e-05,633,"(464, 449)",3,3,US,143.37018418312073,0.8012549966573715,0.8170956522226334,0.8297247439622879,0.8248328119516373,0.8341010242700577,0.8471234470605851,0.834711667895317,0.8491016954183579,0.8545128405094147,0.8534329861402512
3,2,0.1,1,1,0.0,4,6e-05,20,80,0.08,0,1.0,0,onecycle,3,1,0.0001,524,"(1232, 1624)",3,1,eyes,156.5682327747345,0.24944693371653556,0.30507646650075915,0.33774827271699903,0.3382840186357498,0.33293296620249746,0.340306007117033,0.34533697441220285,0.35545583367347716,0.35753218829631805,0.3554913982748985
3,2,0.5,0,0,0.1,4,1e-05,25,40,0.09,1,0.9,1,cosine_warm,5,1,1e-05,109,"(1500, 1500)",3,1,building,165.6186182498932,0.1459135500714183,0.25741310231387615,0.2742669515311718,0.32148647122085094,0.33728444427251814,0.32966926544904707,0.34693377912044526,0.34703508466482164,0.3502641603350639,0.3553929701447487
3,1,0.8,0,0,0.0,8,0.003,15,1000,0.095,1,1.0,0,step,3,0,0.0,109,"(1500, 1500)",3,1,building,164.92317175865173,0.1896025151014328,0.2329527523368597,0.2342232208698988,0.19849303290247916,0.23947043903172016,0.19721825160086154,0.23148924224078654,0.25033664554357526,0.2166024073958397,0.25223245918750764
5,2,0.5,0,1,0.0,16,2.5e-05,10,80,0.07,1,0.9,1,cosine_warm,3,0,5e-05,6464,"(480, 854)",3,9,cholec,158.85805749893188,0.18394216764718294,0.21021696478128432,0.2044236335903406,0.2187188446521759,0.21868720781058074,0.22481310199946164,0.2101042155176401,0.2079228188842535,0.23399049658328294,0.21935187242925167
2,1,0.8,0,0,0.1,16,0.005,10,160,0.035,0,0.5,1,poly,3,1,5e-05,898,"(900, 1600)",3,0,golf,125.72328305244446,0.0,0.0005507267353095813,4.361999770026159e-05,2.636985691424343e-05,0.025923648086609317,0.0001734443712848588,0.00010721770486270543,1.5348532997450093e-05,0.00016360736271963104,0.00022983830458542798
2,1,0.5,0,1,0.0,4,0.007,50,80,0.08,2,0.9,0,cosine_warm,3,0,0.0,470,"(1600, 1200)",3,1,leaf,127.3805992603302,0.28587878877297046,0.19641672880388797,0.21998038804158568,0.2472476502880454,0.2098299057688564,0.26525141978636385,0.22553010508418084,0.25042815385386347,0.2382861329242587,0.2214701292105019
2,2,0.8,0,0,0.1,8,0.007,20,320,0.09,1,0.9,0,poly,3,1,1e-05,6321,"(374, 280)",1,1,fiber,110.40360355377197,0.0,0.0008234230845118873,0.017605894000735135,0.04146361420862377,0.009775357792386785,0.04187651206739247,0.056958580017089845,0.05059303632006049,0.06389214880764485,0.055801712814718483
5,2,0.5,0,1,0.1,16,0.00032,80,10,0.08,1,0.9,0,onecycle,5,0,0.0,900,"(767, 1022)",3,1,lesion,138.77145528793335,0.8717225402593612,0.8877024859189987,0.8912694394588471,0.9111467152833939,0.90961252450943,0.9059648841619492,0.9123425960540772,0.9156783908605576,0.913469883799553,0.913621699810028
3,1,0.1,0,1,0.1,16,0.003,40,80,0.09,2,0.9,1,cosine_warm,5,1,1e-05,900,"(767, 1022)",3,1,lesion,141.48097133636475,0.8256187543272973,0.8601634204387665,0.8749830186367035,0.6848200097680092,0.8465681031346322,0.8618595957756042,0.8392559856176376,0.8221414595842361,0.8518201529979705,0.8240142315626144
2,1,0.5,0,1,0.1,8,0.006,40,1000,0.065,2,1.0,0,step,3,1,1e-05,6464,"(480, 854)",3,9,cholec,155.08304810523987,0.0,0.0,0.0,0.0,0.0,0.0,0.0,0.0,0.0,0.0
2,2,0.8,1,0,0.1,16,0.006,100,20,0.095,2,0.9,0,plateau,3,1,0.0,109,"(1500, 1500)",3,1,building,163.4355754852295,0.22687120288610457,0.23371826112270355,0.23624546006321906,0.1375002760440111,0.22829860895872117,0.17824948504567145,0.2394763633608818,0.23859823346138,0.2071923904120922,0.23684707283973694
2,2,0.8,0,1,0.0,4,1e-05,15,1000,0.085,2,0.5,0,cosine,3,0,5e-05,489,"(288, 384)",3,1,polyp,120.92118573188782,0.7880823988467455,0.7959080252796411,0.794400329887867,0.7995741926133633,0.7987195316702127,0.8021096386015415,0.8024453032761812,0.8007139997556806,0.8015507267788052,0.8011468721553683
5,2,0.5,0,0,0.0,16,0.004,80,320,0.035,1,1.0,1,plateau,5,1,5e-05,633,"(464, 449)",3,3,US,141.40722608566284,0.0,0.0,0.0,0.03171236664056778,0.0,0.0,0.0004112702893507958,0.006559622706845403,0.0017098501648547427,0.36489585041999817
2,1,0.5,0,0,0.1,16,0.004,100,640,0.04,0,0.5,1,poly,5,0,0.0,470,"(1600, 1200)",3,1,leaf,107.08624029159546,0.31910289637744427,0.29257925571873783,0.24189869426190852,0.2667908203788102,0.2392995589412749,0.29289878318086265,0.20261664562858642,0.23760871915146708,0.266507332585752,0.2678028312511742
5,2,0.8,0,0,0.1,4,3.5e-05,100,640,0.055,2,0.5,1,cosine_warm,5,1,5e-05,633,"(464, 449)",3,3,US,142.78676414489746,0.8401072472333908,0.8487006545066833,0.858115217089653,0.8566100239753723,0.8576093941926957,0.8623889237642288,0.8610170692205429,0.8648786455392837,0.8600183665752411,0.882482498884201
2,1,0.1,0,1,0.1,4,0.00012,80,20,0.085,0,1.0,1,cosine_warm,3,1,0.0,898,"(900, 1600)",3,0,golf,140.78646802902222,0.5799936404451728,0.6029894702136517,0.6080062724649906,0.6053785279393196,0.5600185215473175,0.6021561607718467,0.5844761740416289,0.6338767640292644,0.6192920502275229,0.6535512313246727
5,2,0.5,0,0,0.0,8,6e-05,80,20,0.04,1,0.5,1,onecycle,3,1,1e-05,489,"(288, 384)",3,1,polyp,105.52968859672546,0.7912401959300042,0.8008350837975741,0.7876954037696123,0.7872488535940647,0.800603223592043,0.8046369375661016,0.8076533038169146,0.8048737341538071,0.8053934598341584,0.8053205907344818
5,2,0.5,0,1,0.1,4,0.00012,30,320,0.035,2,1.0,1,cosine,5,1,1e-05,6321,"(374, 280)",1,1,fiber,130.01866841316223,0.19940028935670853,0.2413828693330288,0.2667147681117058,0.26824785992503164,0.25888334661722184,0.25963532701134684,0.27834497913718226,0.2827443391084671,0.27761282920837405,0.28373517021536826
5,2,0.5,0,1,0.1,8,0.001,40,10,0.1,2,0.9,1,poly,5,1,0.0001,633,"(464, 449)",3,3,US,157.07597494125366,0.7259729415178299,0.7716747671365738,0.786304983496666,0.795290419459343,0.8125252336263656,0.8400660037994385,0.8574436157941818,0.8796773016452789,0.868611541390419,0.8782392174005509
3,2,0.1,0,0,0.1,8,2.5e-05,25,20,0.045,2,1.0,0,poly,5,1,5e-05,524,"(1232, 1624)",3,1,eyes,140.81793665885925,0.24880296643823385,0.29892779178917406,0.33650629706680774,0.3475076474249363,0.3395839996635914,0.3515010789036751,0.3473019629716873,0.3464514710009098,0.35341510102152823,0.3468059107661247
2,2,0.5,1,1,0.1,8,0.002,15,40,0.055,2,1.0,0,cosine,5,1,0.0001,489,"(288, 384)",3,1,polyp,122.77823877334595,0.22407713844440877,0.24113774835132062,0.23422971754334868,0.3510443813574966,0.3927189743844792,0.5320908159948885,0.5418237212579697,0.5496002124622464,0.5651156781241298,0.5983800198882818
2,1,0.1,1,0,0.1,4,0.0008,25,40,0.065,2,1.0,1,poly,3,1,0.0001,898,"(900, 1600)",3,0,golf,124.00233149528503,0.1175294321961701,0.10943962763994933,0.22005299534648656,0.2444202110171318,0.33946884237229824,0.4237012915313244,0.3821465656161308,0.37464468777179716,0.43103175312280656,0.4525918081402779
2,2,0.5,0,1,0.1,8,0.005,80,10,0.055,0,0.9,1,cosine_warm,3,1,5e-05,6321,"(374, 280)",1,1,fiber,130.50397086143494,0.0,0.00012636120663955808,1.3968431449029595e-05,0.01674298167345114,0.017992311087436975,0.035494432272389534,0.02788537342566997,0.03675649631768465,0.04666676698252559,0.054728579334914686
3,2,0.1,1,1,0.1,4,6e-05,30,80,0.07,1,0.5,0,onecycle,3,0,1e-05,14164,"(600, 400)",3,12,human_parsing,205.33597922325134,0.8697073876857757,0.8607368558645249,0.862261438369751,0.866786190867424,0.8657862931489945,0.872889107465744,0.8699314087629318,0.870953819155693,0.8721326589584351,0.8720650881528854
3,2,0.5,0,1,0.1,16,1e-05,50,40,0.045,2,0.5,1,cosine_warm,3,0,0.0,480,"(1080, 1920)",3,3,terrain,186.4582211971283,0.46606247052550315,0.4861576221883297,0.4929951600730419,0.509806328266859,0.5204469688236714,0.528012465685606,0.5299234181642533,0.5317409403622151,0.5297311842441559,0.5326876565814018
2,1,0.5,1,0,0.1,8,1.5e-05,30,320,0.055,2,1.0,1,poly,5,0,1e-05,14164,"(600, 400)",3,12,human_parsing,193.3152015209198,0.8644296646118164,0.8668370395898819,0.8675768911838532,0.8688722997903824,0.8687066614627839,0.868346193432808,0.8689459949731827,0.8700804114341736,0.8704891115427017,0.8703637272119522
5,2,0.5,1,1,0.1,16,3.5e-05,80,320,0.065,0,1.0,0,onecycle,3,0,0.0001,900,"(767, 1022)",3,1,lesion,138.12018752098083,0.9045093029737472,0.9141234546899796,0.9144419938325882,0.9166065663099289,0.9208146303892135,0.9206235855817795,0.9198919206857681,0.9210363000631332,0.920956689119339,0.921085661649704
3,1,0.8,1,0,0.1,4,3.5e-05,100,640,0.08,0,0.9,0,step,5,1,0.0,900,"(767, 1022)",3,1,lesion,120.97033643722534,0.9025442630052567,0.9121894240379333,0.9134397685527802,0.9170420289039611,0.9084847539663314,0.9198462128639221,0.9143898487091064,0.9133594781160355,0.9220676809549332,0.917814525961876
2,1,0.5,0,1,0.1,4,6e-05,20,320,0.1,1,0.5,1,step,5,1,0.0001,14164,"(600, 400)",3,12,human_parsing,207.28490829467773,0.8484412252902984,0.8671300768852234,0.8705186963081359,0.8611454278230667,0.8758444607257843,0.8719272255897522,0.8757198870182037,0.8796446323394775,0.8767871230840683,0.8721530258655548
3,2,0.1,1,1,0.1,8,3.5e-05,65,160,0.065,2,1.0,0,cosine_warm,5,0,1e-05,489,"(288, 384)",3,1,polyp,119.93471431732178,0.8050934832543135,0.8047370847314597,0.8083626788109541,0.8070032320916652,0.8117578946053982,0.808721149712801,0.8152575269341469,0.8152966901659966,0.8163790591061115,0.8167884044349194
3,2,0.5,1,0,0.0,8,0.004,25,640,0.085,2,0.5,1,onecycle,5,1,1e-05,898,"(900, 1600)",3,0,golf,124.81115865707397,0.0,0.0,2.2830650505056837e-05,0.0,2.1273333413773798e-05,0.012375894380966201,0.06562244081869721,0.0981586178764701,0.10682750009000301,0.08798101143911481
5,1,0.8,0,1,0.0,16,0.003,10,20,0.04,0,0.5,1,cosine,5,1,1e-05,480,"(1080, 1920)",3,3,terrain,187.78044486045837,0.0,0.0,0.0,0.0,0.0,0.0,0.0,0.0,0.0,0.0
3,2,0.5,0,1,0.1,16,0.0001,20,640,0.095,1,0.5,0,step,5,0,0.0,489,"(288, 384)",3,1,polyp,123.33080506324768,0.7914904065430164,0.7894833531230688,0.7941580474376678,0.7824841672554612,0.799023643694818,0.7869596706703306,0.8047510812059044,0.8050642957910895,0.8006669696420431,0.8023922089487314
5,2,0.8,1,0,0.1,4,3.5e-05,10,10,0.05,2,1.0,0,poly,5,0,5e-05,6464,"(480, 854)",3,9,cholec,140.10818099975586,0.21746684703975916,0.2016559259966016,0.18920705281198025,0.2249143771827221,0.22061978988349437,0.2139091357588768,0.22252703942358493,0.2202251847833395,0.22100894190371037,0.22034406214952468
2,2,0.8,1,0,0.0,16,0.002,10,80,0.045,1,0.9,1,step,5,0,0.0001,633,"(464, 449)",3,3,US,143.3353786468506,0.6369474798440933,0.7384791195392608,0.7364662796258926,0.7444363504648208,0.7968655735254287,0.796933165192604,0.8176825106143951,0.8009279727935791,0.8160527855157852,0.7784552603960038
5,1,0.5,1,0,0.1,8,0.00055,80,640,0.075,1,0.9,1,cosine,3,0,5e-05,6464,"(480, 854)",3,9,cholec,142.23383045196533,0.09183214139193296,0.15547277852892877,0.17430871464312075,0.21081634275615216,0.18001131974160672,0.22075087502598761,0.1964554160833359,0.21328189074993134,0.21326365284621715,0.20645056627690792
3,2,0.1,0,1,0.0,4,0.003,50,1000,0.075,0,0.9,1,step,5,1,0.0001,470,"(1600, 1200)",3,1,leaf,128.71534085273743,0.21021547415293754,0.2668317317031324,0.2796670968644321,0.2314400606788695,0.2168183358386159,0.25248022815212606,0.26231925543397666,0.2658252124674618,0.25578837087377904,0.26490327510982753
2,2,0.1,1,1,0.0,4,3.5e-05,25,20,0.07,0,0.5,0,step,5,1,1e-05,14164,"(600, 400)",3,12,human_parsing,206.39326071739197,0.8576073914766311,0.8623394191265106,0.866184851527214,0.8658842235803604,0.8672314196825027,0.8682842910289764,0.8681334882974625,0.8688868552446365,0.8698571622371674,0.8697866082191468
2,1,0.5,1,0,0.0,8,0.007,50,80,0.065,2,0.9,1,cosine,3,0,1e-05,6321,"(374, 280)",1,1,fiber,109.16158723831177,0.00030311294212879145,0.05493249977007508,0.0013310997732332908,0.05582440560683608,0.014438615809194744,0.02925560052972287,0.05637208949774504,0.034853797778487204,0.053315266687422994,0.0462274631485343
3,1,0.5,0,0,0.1,8,0.0001,50,320,0.085,2,0.9,1,poly,5,0,1e-05,900,"(767, 1022)",3,1,lesion,124.4911777973175,0.8990145564079285,0.9079966515302658,0.9178985089063645,0.9133248865604401,0.913412082195282,0.9215015053749085,0.9201969563961029,0.9211113840341568,0.9241991221904755,0.9224946141242981
5,1,0.5,1,1,0.0,8,0.00055,50,40,0.04,0,1.0,0,cosine_warm,5,1,1e-05,480,"(1080, 1920)",3,3,terrain,186.73203873634338,0.047119608093635176,0.33039267361164093,0.4344721376895905,0.40958988219499587,0.3614573132246733,0.14104097975650803,0.3938326954841614,0.4301379777491093,0.42043303325772285,0.424696646630764
3,2,0.1,1,0,0.0,16,0.001,25,640,0.05,2,0.5,0,cosine_warm,3,1,5e-05,6321,"(374, 280)",1,1,fiber,108.43205261230469,0.09612682163715362,0.2503436282277107,0.2624817356467247,0.26176277697086336,0.2577397920191288,0.2871025249361992,0.26849680989980695,0.29113774597644804,0.29447061717510226,0.27402340769767763
5,2,0.8,1,0,0.0,8,0.007,80,10,0.065,1,0.9,1,cosine,3,0,0.0001,898,"(900, 1600)",3,0,golf,124.84244155883789,0.0,0.0,0.00016383234888053266,1.2242681077623273e-05,5.6554705906819436e-05,0.0,0.0001461715841514888,0.0016764373833211721,0.0006445647160944646,9.022281751640549e-05
3,1,0.5,0,0,0.0,16,5e-05,15,80,0.06,1,0.9,0,plateau,3,0,1e-05,6321,"(374, 280)",1,1,fiber,107.05474376678467,0.19358875304460527,0.23351642414927481,0.23898411840200423,0.25508943349123003,0.26216616183519365,0.2467225693166256,0.2730747379362583,0.2764252319931984,0.2678281910717487,0.2722314648330212
3,2,0.5,0,0,0.0,4,1e-05,100,80,0.06,1,1.0,0,cosine_warm,5,1,0.0,489,"(288, 384)",3,1,polyp,102.67449641227722,0.783409770950675,0.791722260788083,0.7932056095451117,0.7946195296943188,0.7961453784257173,0.7975369516760111,0.797558143734932,0.798003638908267,0.7991118859499693,0.800076688081026
2,2,0.8,1,0,0.1,8,0.0008,25,10,0.095,1,0.9,1,poly,3,1,5e-05,14164,"(600, 400)",3,12,human_parsing,195.43282008171082,0.7012096509337425,0.7721010446548462,0.7954959347844124,0.7890407800674438,0.813619875907898,0.8223973363637924,0.8426898539066314,0.8368751555681229,0.8374979615211486,0.8408034294843674
2,2,0.8,0,0,0.1,4,0.00048,65,20,0.1,0,1.0,0,cosine,3,0,1e-05,14164,"(600, 400)",3,12,human_parsing,195.1801085472107,0.7480771213769912,0.7988433867692948,0.8210567831993103,0.822328531742096,0.8328354835510254,0.8484304010868072,0.8382182806730271,0.8436192244291305,0.8510309606790543,0.8517032921314239
2,2,0.1,1,0,0.0,8,1.2e-05,15,640,0.095,0,0.9,0,plateau,3,1,5e-05,900,"(767, 1022)",3,1,lesion,121.38872194290161,0.898920676112175,0.9088427543640136,0.9100572973489761,0.912242180109024,0.9117946207523346,0.913550254702568,0.9144397288560867,0.9145772963762283,0.9146606117486954,0.9146707773208618
2,1,0.1,0,1,0.0,8,2.5e-05,15,1000,0.045,0,0.5,0,plateau,5,1,0.0001,6321,"(374, 280)",1,1,fiber,128.0459589958191,0.17812445424497128,0.2192397251725197,0.23322559893131256,0.2171228900551796,0.22945672869682313,0.2286304749548435,0.2285136990249157,0.22850895076990127,0.22849860340356826,0.22850199192762374
5,2,0.1,1,1,0.0,8,0.0001,40,80,0.05,2,1.0,0,plateau,5,0,1e-05,109,"(1500, 1500)",3,1,building,188.25131964683533,0.33235182873904706,0.27624301984906197,0.3699605047702789,0.3949516013264656,0.3804185874760151,0.3821499817073345,0.40501113161444663,0.41933774426579473,0.4083471059799194,0.4157173626124859
3,2,0.8,0,1,0.0,8,0.00012,30,640,0.065,1,0.5,0,cosine,5,1,1e-05,898,"(900, 1600)",3,0,golf,140.79468750953674,0.5323598861694336,0.5845762506127358,0.5885105267167091,0.614041342586279,0.6243463300168515,0.6575168892741203,0.6468999449163675,0.6505823507905006,0.6554617185145617,0.6649925678968429
2,2,0.5,0,1,0.0,4,0.0008,80,20,0.095,0,0.9,1,step,5,1,1e-05,109,"(1500, 1500)",3,1,building,188.0883128643036,0.3336200896650553,0.3712868221104145,0.35874280221760274,0.38010197430849074,0.392271988093853,0.4027822449803352,0.42316741645336153,0.4286947526037693,0.4026798903942108,0.3971680425107479
3,1,0.5,1,1,0.1,16,3.5e-05,65,20,0.095,2,1.0,1,cosine_warm,5,0,1e-05,14164,"(600, 400)",3,12,human_parsing,210.4005320072174,0.8667776048183441,0.8662898898124695,0.867769655585289,0.8667603641748428,0.8667599439620972,0.8709067672491073,0.8648262798786164,0.8667897343635559,0.8693082213401795,0.8739051580429077
3,1,0.1,0,1,0.0,16,0.006,25,80,0.05,1,1.0,0,plateau,3,0,1e-05,14164,"(600, 400)",3,12,human_parsing,209.3990695476532,7.73819498363082e-05,0.008113097067553098,0.035687340330332516,4.828748296858976e-06,0.00370574562962247,0.004560651192423393,0.006829499486502755,0.007187759283124251,0.007012827001108235,0.00698544629767639
2,1,0.8,1,0,0.0,16,0.0008,100,10,0.065,0,0.9,0,step,5,0,0.0,6464,"(480, 854)",3,9,cholec,139.56806230545044,0.1526192979887128,0.12450193259865046,0.14845967777073382,0.16280104201287032,0.18472194187343122,0.20692071840167045,0.21846717707812785,0.1985858552157879,0.21671249829232692,0.21853377893567086
3,1,0.5,1,0,0.0,4,0.006,10,20,0.1,0,1.0,0,cosine_warm,3,1,0.0001,900,"(767, 1022)",3,1,lesion,122.01168775558472,0.4928738962858915,0.5696986792609096,0.5560005992650986,0.5473846398293972,0.5560361444950104,0.5598958689719439,0.4408299391157925,0.5172880178317427,0.5571383941918612,0.5124549735337496
5,2,0.8,0,0,0.1,8,0.0005,40,20,0.095,1,1.0,1,onecycle,3,1,5e-05,6464,"(480, 854)",3,9,cholec,140.56979155540466,0.14308681059628725,0.18093733638525009,0.17948540225625037,0.15899337455630302,0.19867091365158557,0.18675305880606174,0.20844100788235664,0.2241214480251074,0.2249090164899826,0.22789854891598224
2,1,0.8,1,1,0.1,4,2.5e-05,10,160,0.05,1,1.0,0,onecycle,5,1,1e-05,524,"(1232, 1624)",3,1,eyes,158.65808987617493,0.2655697165057063,0.3115376133471727,0.3398466669023037,0.34447491988539697,0.33092726953327656,0.33941505327820776,0.3270623698830605,0.3388641282916069,0.33689269982278347,0.3363781217485666
3,1,0.1,0,0,0.1,16,0.00012,10,10,0.045,1,0.9,1,onecycle,5,0,0.0001,6464,"(480, 854)",3,9,cholec,141.10548973083496,0.17660889774560928,0.21308120265603064,0.24076453484594823,0.22189466543495656,0.24253191277384759,0.2493442703038454,0.24601035006344318,0.26241307966411115,0.2580396648496389,0.2613581962883472
3,1,0.1,1,0,0.0,8,0.007,100,320,0.04,1,0.5,0,onecycle,3,1,1e-05,898,"(900, 1600)",3,0,golf,123.43488240242004,0.0,8.786335386048449e-05,2.2909393737791107e-05,2.0192577721900306e-06,7.619483949383721e-06,6.054399636923335e-06,0.0003445779465437226,0.0003345992767208372,0.00020568975030528237,0.0001186783261346136
3,2,0.1,0,1,0.1,8,0.007,40,640,0.035,1,0.9,1,cosine_warm,5,0,5e-05,6321,"(374, 280)",1,1,fiber,131.21921110153198,0.0,0.00014445430279010906,0.03131194021552801,0.006348858029014082,0.004814394040295156,0.017173260735580696,0.05107156271114945,0.05312763080000878,0.0366361650172621,0.05268112123012543
2,2,0.8,1,1,0.0,8,3.5e-05,15,20,0.035,2,0.9,1,plateau,3,0,1e-05,14164,"(600, 400)",3,12,human_parsing,211.40208554267883,0.8615880340337754,0.8631109416484832,0.8608765155076981,0.8702948361635208,0.8674815446138382,0.8689576387405396,0.8724427819252014,0.8727613419294358,0.861763060092926,0.8713779956102371
2,2,0.8,1,1,0.1,16,0.003,15,1000,0.03,1,0.5,1,poly,3,1,1e-05,898,"(900, 1600)",3,0,golf,141.843825340271,0.0,0.0,4.937600897392258e-06,0.00020545178113025032,0.0012417175266818958,0.00017973124995478428,0.0002699612139167584,0.0004394898044211004,1.2883365798188607e-06,2.4444705559290014e-05
2,2,0.5,1,0,0.1,16,0.00012,50,640,0.05,1,0.9,0,cosine,3,1,1e-05,524,"(1232, 1624)",3,1,eyes,139.72927355766296,0.31559441387653353,0.33623445630073545,0.346891600638628,0.3337831862270832,0.3440521821379662,0.3625523567199707,0.3664452560245991,0.3682030037045479,0.3675673626363277,0.3671767883002758
2,1,0.5,1,1,0.1,4,0.006,15,20,0.1,0,0.9,1,step,5,0,1e-05,14164,"(600, 400)",3,12,human_parsing,206.83521723747253,0.0004415085054688461,0.003487372122913257,0.002316493274520326,0.0071731600728980995,0.008031453076910111,0.010214567057755631,0.009082326472707791,0.007585700015897601,0.00389125804986179,0.0018519617733545601
2,2,0.8,0,1,0.0,16,0.00012,20,20,0.09,0,1.0,1,poly,5,1,1e-05,470,"(1600, 1200)",3,1,leaf,128.80248975753784,0.553984102839604,0.6540003821253777,0.6836494922637939,0.631408454105258,0.691192950308323,0.6661363370716572,0.651958180963993,0.6855016723275185,0.6810950174927711,0.6773262254893779
5,1,0.5,0,0,0.0,16,6e-05,40,10,0.05,1,0.5,1,onecycle,3,0,1e-05,480,"(1080, 1920)",3,3,terrain,171.322016954422,0.50442159101367,0.4825760431587696,0.4852587338536978,0.5037638910114766,0.5121808335185051,0.5348948568105698,0.5352775782346726,0.5270436026155949,0.5456986151635647,0.542874225974083
5,1,0.1,1,0,0.0,4,6.5e-05,100,160,0.095,0,1.0,0,onecycle,5,1,1e-05,524,"(1232, 1624)",3,1,eyes,140.23844981193542,0.24321680814027785,0.31645005345344546,0.3265495657920837,0.3409772142767906,0.349565626680851,0.3557298265397549,0.36006384119391444,0.35668412074446676,0.3544184654951096,0.3525742948055267
2,1,0.5,1,0,0.1,4,0.007,30,320,0.065,0,1.0,1,onecycle,3,1,0.0001,470,"(1600, 1200)",3,1,leaf,111.59858822822571,0.0,0.1255896107191802,0.25718579553067683,0.19433725355193018,0.21219502659514547,0.27091540712863205,0.2654756768606603,0.2605798473581672,0.2577168319374323,0.2590633431449533
5,2,0.8,1,1,0.1,16,0.00055,10,1000,0.1,2,0.9,1,poly,5,0,1e-05,898,"(900, 1600)",3,0,golf,141.2433786392212,0.12351868599653244,0.37559222988784313,0.4398028217256069,0.44224568605422976,0.3686612518504262,0.5206983126699924,0.5401749320328235,0.5518909901380539,0.5628690529614687,0.5673600796610117
3,1,0.5,1,0,0.0,8,0.00018,80,640,0.045,0,0.9,1,poly,3,1,1e-05,633,"(464, 449)",3,3,US,141.0171172618866,0.8290284931659698,0.8582273781299591,0.8547381162643433,0.870340895652771,0.8669991821050644,0.889920425415039,0.8808166414499283,0.885661318898201,0.893087238073349,0.8925971478223801
5,2,0.5,1,0,0.1,16,0.0008,15,10,0.035,1,1.0,0,cosine_warm,3,0,0.0001,489,"(288, 384)",3,1,polyp,104.61589074134827,0.3759948842227459,0.5693306021392346,0.5895639181137085,0.6805668868124485,0.7103815913200379,0.5324729207903147,0.6352223750203848,0.6385604050010443,0.6300759688019753,0.7036512669175863
5,1,0.8,1,1,0.1,8,2.5e-05,50,160,0.055,0,1.0,1,step,5,1,0.0,470,"(1600, 1200)",3,1,leaf,130.4942111968994,0.5411744598299265,0.552883764822036,0.584927523508668,0.5701586285606026,0.6199906941503286,0.6306678261607885,0.6381672397255898,0.6514748901128768,0.645887978374958,0.641465286910534
2,2,0.1,1,1,0.1,8,2e-05,80,80,0.095,2,0.5,1,onecycle,5,1,0.0,14164,"(600, 400)",3,12,human_parsing,212.8687379360199,0.8595586478710174,0.8649287641048431,0.8677316278219223,0.8655042916536331,0.8677060663700104,0.8664647191762924,0.8670178145170212,0.8676644474267959,0.8677330017089844,0.8678348988294602
2,1,0.8,1,0,0.1,16,0.004,80,10,0.085,0,0.5,0,cosine,3,1,1e-05,898,"(900, 1600)",3,0,golf,123.41201734542847,0.0,0.0,0.002241334968130104,0.01109879936557263,8.44165842863731e-06,0.000376117955056543,2.5345193898829164e-05,0.0002066890229798446,0.0023910348427307326,0.000777354536103303
3,2,0.8,0,0,0.0,4,0.0005,25,640,0.035,2,1.0,1,poly,3,0,1e-05,109,"(1500, 1500)",3,1,building,165.94649934768677,0.36572465747594834,0.36209692284464834,0.37970132008194923,0.37884429916739465,0.4107144705951214,0.4218869522213936,0.41965118423104286,0.42389640808105467,0.4333412177860737,0.4334526486694813
3,2,0.5,1,1,0.0,4,0.00032,15,40,0.085,2,0.9,1,step,3,1,5e-05,898,"(900, 1600)",3,0,golf,141.8881800174713,0.4592208381742239,0.4041370768100023,0.3799939604476094,0.5436017151921988,0.5524243224412203,0.603551123663783,0.5514114636927843,0.6013553291559219,0.5745062887668609,0.649414598196745
3,1,0.1,1,0,0.0,8,0.002,40,320,0.075,2,0.9,1,onecycle,5,0,1e-05,489,"(288, 384)",3,1,polyp,104.09389209747314,0.06642975694867345,0.3191868980647996,0.2712045437656343,0.40154618714004753,0.396538247121498,0.40747989527881145,0.48442961908876897,0.505754767730832,0.5141846414655447,0.5115616925060749
2,1,0.8,1,0,0.1,8,6e-05,65,40,0.085,2,1.0,1,cosine_warm,3,0,0.0001,898,"(900, 1600)",3,0,golf,124.83164620399475,0.5941918086260557,0.5977008085697889,0.6242448545992374,0.6316194746643304,0.623449943959713,0.6266584530472755,0.6164235159754753,0.6441048346459866,0.6448783285915851,0.6488010972738266
2,1,0.5,1,0,0.1,8,0.003,65,640,0.055,2,1.0,1,plateau,3,0,5e-05,900,"(767, 1022)",3,1,lesion,123.93804860115051,0.4138506906107068,0.5512683412060142,0.569014891423285,0.5475990165024995,0.5390078604221344,0.563396180421114,0.5522847220301628,0.5602504882961512,0.5745186036452651,0.5712687551975251
3,2,0.1,1,1,0.1,8,6.5e-05,100,10,0.055,2,0.9,1,poly,5,1,0.0,900,"(767, 1022)",3,1,lesion,142.34053897857666,0.910707539319992,0.9153713494539261,0.9170228451490402,0.9139917105436325,0.9172184556722641,0.9144570291042328,0.9190293818712234,0.9209631115198136,0.923527655005455,0.9236595183610916
2,2,0.8,1,1,0.0,8,0.003,80,320,0.03,2,0.9,1,onecycle,5,0,5e-05,109,"(1500, 1500)",3,1,building,194.31124114990234,0.22003874853253363,0.33320019245147703,0.3765120767056942,0.3543930478394032,0.40743488967418673,0.3972435086965561,0.4117381252348423,0.41942090168595314,0.4192052401602268,0.4263171412050724
2,2,0.8,1,1,0.1,4,0.0015,40,160,0.07,0,1.0,1,poly,3,0,5e-05,489,"(288, 384)",3,1,polyp,124.39262199401855,1.5470296784769743e-05,0.38434608466923237,0.357878110697493,0.39316591374226845,0.49356823675334455,0.49228096641600133,0.5269269280135631,0.5505495578050613,0.5630987773649394,0.5862410172820092
5,2,0.8,0,0,0.1,8,1.5e-05,40,40,0.065,0,0.9,1,plateau,5,0,0.0,898,"(900, 1600)",3,0,golf,124.61838388442993,0.45838243179023264,0.5357526499778033,0.5720057532191276,0.5938340865075589,0.6001214616000652,0.6130665156990289,0.605097622424364,0.6065240815281868,0.6130962494760752,0.6136816263198852
2,1,0.5,0,0,0.0,4,5e-05,15,20,0.045,0,1.0,1,step,5,0,0.0001,14164,"(600, 400)",3,12,human_parsing,200.84164762496948,0.8653740644454956,0.875577425956726,0.8657096892595291,0.87373286485672,0.8698790431022644,0.874328789114952,0.8775922536849976,0.8679709643125534,0.8739154696464538,0.8762173682451249
3,2,0.5,1,0,0.1,16,0.0008,25,160,0.07,2,0.5,0,plateau,5,1,0.0,524,"(1232, 1624)",3,1,eyes,140.20472645759583,0.2637677635997534,0.23688725689426066,0.26171611845493314,0.23199468590319156,0.25419942904263737,0.3175184056162834,0.3037684142589569,0.32202422730624675,0.31311460882425307,0.31048956885933876
2,2,0.5,1,1,0.0,16,0.007,10,1000,0.075,2,1.0,1,cosine,3,1,0.0,633,"(464, 449)",3,3,US,160.25082325935364,0.0,0.0,0.0,0.0,0.0,0.0,0.0,0.0,0.0,0.0
3,2,0.1,1,0,0.1,4,0.007,10,320,0.045,2,1.0,1,step,5,0,1e-05,6321,"(374, 280)",1,1,fiber,109.31518888473511,0.0028045459956047127,0.0001726759772282094,0.025253796391189097,0.03730509891174734,0.04574715169146657,0.041421656776219604,0.061754189897328615,0.06028099954128265,0.060670343600213526,0.049861243553459646
5,1,0.1,1,1,0.0,4,1.5e-05,15,1000,0.035,0,1.0,1,onecycle,5,1,0.0,489,"(288, 384)",3,1,polyp,120.58064603805542,0.7888004437088967,0.798171753436327,0.8006683830171824,0.8039171516895294,0.8042901359498501,0.805359810590744,0.8057995937764645,0.8053622923791408,0.8059485375881195,0.8059242956340313
5,1,0.5,1,0,0.1,8,0.00055,40,40,0.05,0,0.9,0,step,3,0,0.0001,6464,"(480, 854)",3,9,cholec,142.15123558044434,0.15937330443412065,0.17355159372091294,0.1971666544675827,0.18072778396308423,0.20438029877841474,0.2035913061350584,0.23140422701835633,0.244216563180089,0.2337672159075737,0.2414542630314827
2,2,0.1,1,1,0.1,4,0.0004,40,1000,0.07,0,0.9,0,plateau,3,1,0.0,470,"(1600, 1200)",3,1,leaf,127.98459029197693,0.44084488190710547,0.5997667841613292,0.5170049192383885,0.605790363997221,0.6224166885018348,0.647227393090725,0.6515887573361396,0.6555349752306938,0.6636087596416473,0.6633694663643837
3,1,0.5,0,1,0.0,16,0.003,65,40,0.035,2,1.0,1,step,5,1,0.0001,633,"(464, 449)",3,3,US,158.1879358291626,9.188218973577023e-05,0.04603743609040976,0.00033508816190988,0.014079332823507684,0.07617831882089376,0.0019208274419725059,0.3834976315498352,0.3769102729856968,0.6204419866204262,0.6857237100601197
